,0
0,-10.048937258
1,-10.012920480
2,-9.977032791
3,-9.941273728
4,-9.905642830
5,-9.870139639
6,-9.834763696
7,-9.799514545
8,-9.764391732
9,-9.729394804
10,-9.694523310
11,-9.659776800
12,-9.625154827
13,-9.590656943
14,-9.556282705
15,-9.522031668
16,-9.487903392
17,-9.453897437
18,-9.420013363
19,-9.386250735
20,-9.352609116
21,-9.319088074
22,-9.285687176
23,-9.252405991
24,-9.219244091
25,-9.186201048
26,-9.153276435
27,-9.120469829
28,-9.087780806
29,-9.055208945
30,-9.022753826
31,-8.990415030
32,-8.958192142
33,-8.926084745
34,-8.894092425
35,-8.862214770
36,-8.830451368
37,-8.798801812
38,-8.767265691
39,-8.735842601
40,-8.704532135
41,-8.673333890
42,-8.642247464
43,-8.611272456
44,-8.580408467
45,-8.549655098
46,-8.519011954
47,-8.488478639
48,-8.458054760
49,-8.427739924
50,-8.397533741
51,-8.367435821
52,-8.337445776
53,-8.307563219
54,-8.277787766
55,-8.248119032
56,-8.218556634
57,-8.189100193
58,-8.159749327
59,-8.130503659
60,-8.101362812
61,-8.072326409
62,-8.043394077
63,-8.014565442
64,-7.985840133
65,-7.957217780
66,-7.928698013
67,-7.900280464
68,-7.871964769
69,-7.843750560
70,-7.815637475
71,-7.787625152
72,-7.759713228
73,-7.731901345
74,-7.704189143
75,-7.676576265
76,-7.649062356
77,-7.621647061
78,-7.594330026
79,-7.567110899
80,-7.539989328
81,-7.512964966
82,-7.486037462
83,-7.459206471
84,-7.432471645
85,-7.405832640
86,-7.379289114
87,-7.352840723
88,-7.326487127
89,-7.300227985
90,-7.274062961
91,-7.247991715
92,-7.222013912
93,-7.196129217
94,-7.170337297
95,-7.144637818
96,-7.119030450
97,-7.093514862
98,-7.068090725
99,-7.042757712
100,-7.017515496
101,-6.992363752
102,-6.967302155
103,-6.942330382
104,-6.917448112
105,-6.892655023
106,-6.867950796
107,-6.843335112
108,-6.818807654
109,-6.794368106
110,-6.770016153
111,-6.745751481
112,-6.721573776
113,-6.697482728
114,-6.673478025
115,-6.649559359
116,-6.625726420
117,-6.601978902
118,-6.578316498
119,-6.554738904
120,-6.531245814
121,-6.507836928
122,-6.484511942
123,-6.461270556
124,-6.438112470
125,-6.415037386
126,-6.392045007
127,-6.369135035
128,-6.346307176
129,-6.323561135
130,-6.300896619
131,-6.278313335
132,-6.255810994
133,-6.233389304
134,-6.211047976
135,-6.188786722
136,-6.166605256
137,-6.144503292
138,-6.122480544
139,-6.100536728
140,-6.078671563
141,-6.056884765
142,-6.035176053
143,-6.013545149
144,-5.991991773
145,-5.970515648
146,-5.949116495
147,-5.927794041
148,-5.906548008
149,-5.885378125
150,-5.864284117
151,-5.843265714
152,-5.822322643
153,-5.801454634
154,-5.780661420
155,-5.759942732
156,-5.739298302
157,-5.718727864
158,-5.698231154
159,-5.677807907
160,-5.657457860
161,-5.637180750
162,-5.616976316
163,-5.596844297
164,-5.576784435
165,-5.556796469
166,-5.536880144
167,-5.517035201
168,-5.497261385
169,-5.477558441
170,-5.457926116
171,-5.438364155
172,-5.418872307
173,-5.399450321
174,-5.380097946
175,-5.360814932
176,-5.341601031
177,-5.322455996
178,-5.303379578
179,-5.284371534
180,-5.265431617
181,-5.246559583
182,-5.227755189
183,-5.209018193
184,-5.190348353
185,-5.171745428
186,-5.153209178
187,-5.134739365
188,-5.116335750
189,-5.097998097
190,-5.079726168
191,-5.061519728
192,-5.043378542
193,-5.025302378
194,-5.007291000
195,-4.989344178
196,-4.971461680
197,-4.953643275
198,-4.935888733
199,-4.918197827
200,-4.900570327
201,-4.883006006
202,-4.865504639
203,-4.848065998
204,-4.830689860
205,-4.813376001
206,-4.796124197
207,-4.778934226
208,-4.761805866
209,-4.744738896
210,-4.727733097
211,-4.710788249
212,-4.693904134
213,-4.677080533
214,-4.660317231
215,-4.643614011
216,-4.626970657
217,-4.610386955
218,-4.593862692
219,-4.577397654
220,-4.560991629
221,-4.544644405
222,-4.528355772
223,-4.512125520
224,-4.495953439
225,-4.479839322
226,-4.463782959
227,-4.447784145
228,-4.431842672
229,-4.415958336
230,-4.400130932
231,-4.384360255
232,-4.368646103
233,-4.352988272
234,-4.337386561
235,-4.321840769
236,-4.306350695
237,-4.290916140
238,-4.275536904
239,-4.260212790
240,-4.244943599
241,-4.229729135
242,-4.214569202
243,-4.199463604
244,-4.184412147
245,-4.169414636
246,-4.154470878
247,-4.139580681
248,-4.124743852
249,-4.109960201
250,-4.095229536
251,-4.080551668
252,-4.065926408
253,-4.051353566
254,-4.036832956
255,-4.022364389
256,-4.007947680
257,-3.993582642
258,-3.979269091
259,-3.965006841
260,-3.950795709
261,-3.936635512
262,-3.922526067
263,-3.908467192
264,-3.894458706
265,-3.880500428
266,-3.866592179
267,-3.852733779
268,-3.838925049
269,-3.825165812
270,-3.811455890
271,-3.797795105
272,-3.784183284
273,-3.770620248
274,-3.757105825
275,-3.743639839
276,-3.730222117
277,-3.716852486
278,-3.703530773
279,-3.690256808
280,-3.677030418
281,-3.663851433
282,-3.650719684
283,-3.637635001
284,-3.624597215
285,-3.611606158
286,-3.598661663
287,-3.585763563
288,-3.572911691
289,-3.560105882
290,-3.547345971
291,-3.534631794
292,-3.521963185
293,-3.509339983
294,-3.496762024
295,-3.484229146
296,-3.471741188
297,-3.459297988
298,-3.446899387
299,-3.434545224
300,-3.422235339
301,-3.409969576
302,-3.397747774
303,-3.385569777
304,-3.373435427
305,-3.361344569
306,-3.349297046
307,-3.337292703
308,-3.325331385
309,-3.313412939
310,-3.301537209
311,-3.289704044
312,-3.277913291
313,-3.266164797
314,-3.254458411
315,-3.242793983
316,-3.231171362
317,-3.219590398
318,-3.208050941
319,-3.196552844
320,-3.185095957
321,-3.173680134
322,-3.162305226
323,-3.150971087
324,-3.139677572
325,-3.128424534
326,-3.117211829
327,-3.106039311
328,-3.094906838
329,-3.083814264
330,-3.072761448
331,-3.061748247
332,-3.050774519
333,-3.039840122
334,-3.028944915
335,-3.018088758
336,-3.007271511
337,-2.996493035
338,-2.985753190
339,-2.975051839
340,-2.964388842
341,-2.953764064
342,-2.943177365
343,-2.932628611
344,-2.922117666
345,-2.911644392
346,-2.901208657
347,-2.890810325
348,-2.880449261
349,-2.870125334
350,-2.859838408
351,-2.849588353
352,-2.839375035
353,-2.829198322
354,-2.819058085
355,-2.808954192
356,-2.798886512
357,-2.788854917
358,-2.778859276
359,-2.768899460
360,-2.758975342
361,-2.749086794
362,-2.739233687
363,-2.729415896
364,-2.719633292
365,-2.709885751
366,-2.700173146
367,-2.690495353
368,-2.680852246
369,-2.671243702
370,-2.661669596
371,-2.652129804
372,-2.642624205
373,-2.633152675
374,-2.623715092
375,-2.614311335
376,-2.604941283
377,-2.595604813
378,-2.586301807
379,-2.577032145
380,-2.567795706
381,-2.558592371
382,-2.549422023
383,-2.540284543
384,-2.531179812
385,-2.522107714
386,-2.513068132
387,-2.504060949
388,-2.495086049
389,-2.486143316
390,-2.477232635
391,-2.468353891
392,-2.459506970
393,-2.450691758
394,-2.441908140
395,-2.433156004
396,-2.424435237
397,-2.415745727
398,-2.407087361
399,-2.398460027
400,-2.389863615
401,-2.381298014
402,-2.372763113
403,-2.364258803
404,-2.355784973
405,-2.347341514
406,-2.338928318
407,-2.330545276
408,-2.322192280
409,-2.313869223
410,-2.305575996
411,-2.297312493
412,-2.289078608
413,-2.280874235
414,-2.272699266
415,-2.264553598
416,-2.256437126
417,-2.248349744
418,-2.240291348
419,-2.232261834
420,-2.224261100
421,-2.216289041
422,-2.208345555
423,-2.200430540
424,-2.192543893
425,-2.184685513
426,-2.176855298
427,-2.169053148
428,-2.161278963
429,-2.153532640
430,-2.145814082
431,-2.138123188
432,-2.130459860
433,-2.122823997
434,-2.115215503
435,-2.107634279
436,-2.100080227
437,-2.092553249
438,-2.085053249
439,-2.077580131
440,-2.070133797
441,-2.062714151
442,-2.055321099
443,-2.047954545
444,-2.040614393
445,-2.033300549
446,-2.026012919
447,-2.018751409
448,-2.011515925
449,-2.004306375
450,-1.997122664
451,-1.989964701
452,-1.982832392
453,-1.975725647
454,-1.968644374
455,-1.961588481
456,-1.954557877
457,-1.947552472
458,-1.940572175
459,-1.933616896
460,-1.926686546
461,-1.919781036
462,-1.912900275
463,-1.906044177
464,-1.899212651
465,-1.892405611
466,-1.885622968
467,-1.878864635
468,-1.872130525
469,-1.865420551
470,-1.858734626
471,-1.852072664
472,-1.845434580
473,-1.838820288
474,-1.832229702
475,-1.825662738
476,-1.819119311
477,-1.812599336
478,-1.806102730
479,-1.799629408
480,-1.793179288
481,-1.786752286
482,-1.780348319
483,-1.773967305
484,-1.767609161
485,-1.761273806
486,-1.754961157
487,-1.748671134
488,-1.742403656
489,-1.736158640
490,-1.729936008
491,-1.723735679
492,-1.717557572
493,-1.711401609
494,-1.705267709
495,-1.699155794
496,-1.693065785
497,-1.686997604
498,-1.680951171
499,-1.674926410
500,-1.668923243
501,-1.662941592
502,-1.656981379
503,-1.651042529
504,-1.645124965
505,-1.639228610
506,-1.633353388
507,-1.627499224
508,-1.621666042
509,-1.615853767
510,-1.610062324
511,-1.604291639
512,-1.598541636
513,-1.592812242
514,-1.587103383
515,-1.581414986
516,-1.575746976
517,-1.570099281
518,-1.564471829
519,-1.558864546
520,-1.553277360
521,-1.547710200
522,-1.542162993
523,-1.536635667
524,-1.531128153
525,-1.525640378
526,-1.520172273
527,-1.514723765
528,-1.509294786
529,-1.503885265
530,-1.498495133
531,-1.493124320
532,-1.487772756
533,-1.482440373
534,-1.477127102
535,-1.471832875
536,-1.466557622
537,-1.461301277
538,-1.456063772
539,-1.450845038
540,-1.445645009
541,-1.440463618
542,-1.435300798
543,-1.430156482
544,-1.425030603
545,-1.419923097
546,-1.414833896
547,-1.409762936
548,-1.404710151
549,-1.399675476
550,-1.394658846
551,-1.389660196
552,-1.384679462
553,-1.379716580
554,-1.374771485
555,-1.369844115
556,-1.364934404
557,-1.360042291
558,-1.355167712
559,-1.350310603
560,-1.345470904
561,-1.340648550
562,-1.335843481
563,-1.331055633
564,-1.326284946
565,-1.321531358
566,-1.316794807
567,-1.312075233
568,-1.307372574
569,-1.302686770
570,-1.298017761
571,-1.293365486
572,-1.288729886
573,-1.284110900
574,-1.279508469
575,-1.274922534
576,-1.270353036
577,-1.265799915
578,-1.261263113
579,-1.256742572
580,-1.252238233
581,-1.247750039
582,-1.243277930
583,-1.238821851
584,-1.234381742
585,-1.229957548
586,-1.225549210
587,-1.221156672
588,-1.216779878
589,-1.212418771
590,-1.208073295
591,-1.203743394
592,-1.199429011
593,-1.195130092
594,-1.190846581
595,-1.186578422
596,-1.182325561
597,-1.178087943
598,-1.173865513
599,-1.169658217
600,-1.165466001
601,-1.161288810
602,-1.157126590
603,-1.152979289
604,-1.148846852
605,-1.144729226
606,-1.140626359
607,-1.136538196
608,-1.132464687
609,-1.128405777
610,-1.124361415
611,-1.120331548
612,-1.116316125
613,-1.112315094
614,-1.108328403
615,-1.104356001
616,-1.100397837
617,-1.096453859
618,-1.092524017
619,-1.088608260
620,-1.084706538
621,-1.080818800
622,-1.076944996
623,-1.073085077
624,-1.069238992
625,-1.065406692
626,-1.061588127
627,-1.057783248
628,-1.053992007
629,-1.050214354
630,-1.046450241
631,-1.042699619
632,-1.038962440
633,-1.035238655
634,-1.031528217
635,-1.027831077
636,-1.024147189
637,-1.020476504
638,-1.016818975
639,-1.013174555
640,-1.009543198
641,-1.005924856
642,-1.002319482
643,-0.998727031
644,-0.995147455
645,-0.991580709
646,-0.988026747
647,-0.984485523
648,-0.980956991
649,-0.977441106
650,-0.973937822
651,-0.970447094
652,-0.966968878
653,-0.963503128
654,-0.960049800
655,-0.956608849
656,-0.953180231
657,-0.949763901
658,-0.946359816
659,-0.942967932
660,-0.939588205
661,-0.936220591
662,-0.932865047
663,-0.929521530
664,-0.926189996
665,-0.922870404
666,-0.919562709
667,-0.916266869
668,-0.912982842
669,-0.909710585
670,-0.906450057
671,-0.903201215
672,-0.899964017
673,-0.896738422
674,-0.893524388
675,-0.890321873
676,-0.887130836
677,-0.883951237
678,-0.880783034
679,-0.877626186
680,-0.874480652
681,-0.871346393
682,-0.868223367
683,-0.865111535
684,-0.862010856
685,-0.858921290
686,-0.855842797
687,-0.852775339
688,-0.849718874
689,-0.846673364
690,-0.843638770
691,-0.840615052
692,-0.837602172
693,-0.834600090
694,-0.831608768
695,-0.828628167
696,-0.825658250
697,-0.822698977
698,-0.819750310
699,-0.816812212
700,-0.813884644
701,-0.810967569
702,-0.808060949
703,-0.805164747
704,-0.802278926
705,-0.799403447
706,-0.796538275
707,-0.793683372
708,-0.790838701
709,-0.788004226
710,-0.785179910
711,-0.782365717
712,-0.779561610
713,-0.776767554
714,-0.773983511
715,-0.771209448
716,-0.768445327
717,-0.765691112
718,-0.762946770
719,-0.760212263
720,-0.757487558
721,-0.754772618
722,-0.752067408
723,-0.749371895
724,-0.746686043
725,-0.744009817
726,-0.741343183
727,-0.738686107
728,-0.736038554
729,-0.733400490
730,-0.730771881
731,-0.728152694
732,-0.725542894
733,-0.722942448
734,-0.720351323
735,-0.717769484
736,-0.715196899
737,-0.712633535
738,-0.710079358
739,-0.707534335
740,-0.704998435
741,-0.702471623
742,-0.699953868
743,-0.697445136
744,-0.694945397
745,-0.692454616
746,-0.689972763
747,-0.687499806
748,-0.685035712
749,-0.682580449
750,-0.680133987
751,-0.677696292
752,-0.675267335
753,-0.672847084
754,-0.670435507
755,-0.668032574
756,-0.665638253
757,-0.663252513
758,-0.660875325
759,-0.658506656
760,-0.656146478
761,-0.653794758
762,-0.651451467
763,-0.649116575
764,-0.646790052
765,-0.644471867
766,-0.642161991
767,-0.639860394
768,-0.637567046
769,-0.635281918
770,-0.633004979
771,-0.630736202
772,-0.628475557
773,-0.626223013
774,-0.623978544
775,-0.621742119
776,-0.619513709
777,-0.617293286
778,-0.615080822
779,-0.612876287
780,-0.610679654
781,-0.608490894
782,-0.606309979
783,-0.604136880
784,-0.601971570
785,-0.599814021
786,-0.597664204
787,-0.595522093
788,-0.593387660
789,-0.591260877
790,-0.589141716
791,-0.587030151
792,-0.584926154
793,-0.582829698
794,-0.580740756
795,-0.578659301
796,-0.576585306
797,-0.574518744
798,-0.572459590
799,-0.570407816
800,-0.568363395
801,-0.566326303
802,-0.564296511
803,-0.562273994
804,-0.560258727
805,-0.558250682
806,-0.556249835
807,-0.554256158
808,-0.552269628
809,-0.550290217
810,-0.548317901
811,-0.546352654
812,-0.544394451
813,-0.542443266
814,-0.540499074
815,-0.538561851
816,-0.536631571
817,-0.534708209
818,-0.532791741
819,-0.530882142
820,-0.528979387
821,-0.527083452
822,-0.525194312
823,-0.523311943
824,-0.521436321
825,-0.519567421
826,-0.517705220
827,-0.515849693
828,-0.514000816
829,-0.512158567
830,-0.510322920
831,-0.508493852
832,-0.506671340
833,-0.504855360
834,-0.503045888
835,-0.501242902
836,-0.499446379
837,-0.497656294
838,-0.495872625
839,-0.494095349
840,-0.492324443
841,-0.490559884
842,-0.488801650
843,-0.487049717
844,-0.485304064
845,-0.483564667
846,-0.481831505
847,-0.480104554
848,-0.478383793
849,-0.476669200
850,-0.474960751
851,-0.473258426
852,-0.471562203
853,-0.469872059
854,-0.468187973
855,-0.466509922
856,-0.464837886
857,-0.463171843
858,-0.461511771
859,-0.459857649
860,-0.458209456
861,-0.456567170
862,-0.454930770
863,-0.453300236
864,-0.451675545
865,-0.450056678
866,-0.448443612
867,-0.446836328
868,-0.445234805
869,-0.443639022
870,-0.442048959
871,-0.440464594
872,-0.438885908
873,-0.437312881
874,-0.435745491
875,-0.434183719
876,-0.432627545
877,-0.431076948
878,-0.429531909
879,-0.427992407
880,-0.426458423
881,-0.424929937
882,-0.423406930
883,-0.421889381
884,-0.420377271
885,-0.418870581
886,-0.417369291
887,-0.415873382
888,-0.414382834
889,-0.412897629
890,-0.411417747
891,-0.409943169
892,-0.408473876
893,-0.407009849
894,-0.405551069
895,-0.404097518
896,-0.402649177
897,-0.401206027
898,-0.399768049
899,-0.398335225
900,-0.396907537
901,-0.395484965
902,-0.394067493
903,-0.392655100
904,-0.391247770
905,-0.389845484
906,-0.388448224
907,-0.387055972
908,-0.385668710
909,-0.384286420
910,-0.382909085
911,-0.381536686
912,-0.380169206
913,-0.378806627
914,-0.377448931
915,-0.376096102
916,-0.374748122
917,-0.373404973
918,-0.372066638
919,-0.370733100
920,-0.369404341
921,-0.368080345
922,-0.366761094
923,-0.365446572
924,-0.364136761
925,-0.362831644
926,-0.361531206
927,-0.360235428
928,-0.358944295
929,-0.357657789
930,-0.356375894
931,-0.355098593
932,-0.353825871
933,-0.352557710
934,-0.351294095
935,-0.350035008
936,-0.348780434
937,-0.347530357
938,-0.346284760
939,-0.345043628
940,-0.343806944
941,-0.342574692
942,-0.341346857
943,-0.340123423
944,-0.338904374
945,-0.337689694
946,-0.336479367
947,-0.335273379
948,-0.334071713
949,-0.332874354
950,-0.331681286
951,-0.330492494
952,-0.329307964
953,-0.328127679
954,-0.326951624
955,-0.325779784
956,-0.324612144
957,-0.323448689
958,-0.322289405
959,-0.321134275
960,-0.319983285
961,-0.318836421
962,-0.317693667
963,-0.316555009
964,-0.315420433
965,-0.314289922
966,-0.313163464
967,-0.312041043
968,-0.310922644
969,-0.309808255
970,-0.308697859
971,-0.307591443
972,-0.306488993
973,-0.305390494
974,-0.304295933
975,-0.303205294
976,-0.302118564
977,-0.301035730
978,-0.299956776
979,-0.298881690
980,-0.297810456
981,-0.296743063
982,-0.295679495
983,-0.294619738
984,-0.293563781
985,-0.292511608
986,-0.291463206
987,-0.290418561
988,-0.289377661
989,-0.288340491
990,-0.287307039
991,-0.286277291
992,-0.285251234
993,-0.284228854
994,-0.283210139
995,-0.282195074
996,-0.281183648
997,-0.280175847
998,-0.279171658
999,-0.278171069
1000,-0.277174065
1001,-0.276180635
1002,-0.275190766
1003,-0.274204444
1004,-0.273221657
1005,-0.272242393
1006,-0.271266639
1007,-0.270294382
1008,-0.269325609
1009,-0.268360309
1010,-0.267398469
1011,-0.266440076
1012,-0.265485118
1013,-0.264533582
1014,-0.263585458
1015,-0.262640731
1016,-0.261699390
1017,-0.260761424
1018,-0.259826819
1019,-0.258895563
1020,-0.257967646
1021,-0.257043054
1022,-0.256121776
1023,-0.255203801
1024,-0.254289115
1025,-0.253377708
1026,-0.252469567
1027,-0.251564681
1028,-0.250663039
1029,-0.249764628
1030,-0.248869437
1031,-0.247977454
1032,-0.247088669
1033,-0.246203069
1034,-0.245320643
1035,-0.244441380
1036,-0.243565269
1037,-0.242692297
1038,-0.241822454
1039,-0.240955729
1040,-0.240092111
1041,-0.239231587
1042,-0.238374148
1043,-0.237519783
1044,-0.236668479
1045,-0.235820226
1046,-0.234975014
1047,-0.234132831
1048,-0.233293667
1049,-0.232457510
1050,-0.231624350
1051,-0.230794177
1052,-0.229966979
1053,-0.229142745
1054,-0.228321466
1055,-0.227503130
1056,-0.226687728
1057,-0.225875248
1058,-0.225065679
1059,-0.224259013
1060,-0.223455238
1061,-0.222654343
1062,-0.221856319
1063,-0.221061156
1064,-0.220268842
1065,-0.219479368
1066,-0.218692724
1067,-0.217908899
1068,-0.217127883
1069,-0.216349667
1070,-0.215574240
1071,-0.214801592
1072,-0.214031713
1073,-0.213264594
1074,-0.212500225
1075,-0.211738594
1076,-0.210979694
1077,-0.210223514
1078,-0.209470044
1079,-0.208719274
1080,-0.207971195
1081,-0.207225798
1082,-0.206483072
1083,-0.205743008
1084,-0.205005597
1085,-0.204270828
1086,-0.203538694
1087,-0.202809183
1088,-0.202082287
1089,-0.201357996
1090,-0.200636301
1091,-0.199917193
1092,-0.199200662
1093,-0.198486699
1094,-0.197775296
1095,-0.197066442
1096,-0.196360128
1097,-0.195656347
1098,-0.194955087
1099,-0.194256341
1100,-0.193560100
1101,-0.192866354
1102,-0.192175094
1103,-0.191486312
1104,-0.190799998
1105,-0.190116145
1106,-0.189434742
1107,-0.188755782
1108,-0.188079255
1109,-0.187405153
1110,-0.186733467
1111,-0.186064189
1112,-0.185397309
1113,-0.184732820
1114,-0.184070712
1115,-0.183410977
1116,-0.182753607
1117,-0.182098592
1118,-0.181445926
1119,-0.180795599
1120,-0.180147602
1121,-0.179501928
1122,-0.178858569
1123,-0.178217515
1124,-0.177578759
1125,-0.176942292
1126,-0.176308106
1127,-0.175676194
1128,-0.175046546
1129,-0.174419155
1130,-0.173794013
1131,-0.173171111
1132,-0.172550442
1133,-0.171931997
1134,-0.171315769
1135,-0.170701750
1136,-0.170089931
1137,-0.169480305
1138,-0.168872865
1139,-0.168267601
1140,-0.167664507
1141,-0.167063574
1142,-0.166464795
1143,-0.165868162
1144,-0.165273668
1145,-0.164681304
1146,-0.164091064
1147,-0.163502939
1148,-0.162916922
1149,-0.162333005
1150,-0.161751181
1151,-0.161171442
1152,-0.160593782
1153,-0.160018191
1154,-0.159444664
1155,-0.158873192
1156,-0.158303769
1157,-0.157736386
1158,-0.157171037
1159,-0.156607715
1160,-0.156046411
1161,-0.155487119
1162,-0.154929832
1163,-0.154374542
1164,-0.153821242
1165,-0.153269926
1166,-0.152720585
1167,-0.152173213
1168,-0.151627804
1169,-0.151084349
1170,-0.150542841
1171,-0.150003275
1172,-0.149465643
1173,-0.148929937
1174,-0.148396152
1175,-0.147864279
1176,-0.147334313
1177,-0.146806247
1178,-0.146280073
1179,-0.145755785
1180,-0.145233376
1181,-0.144712840
1182,-0.144194169
1183,-0.143677357
1184,-0.143162398
1185,-0.142649284
1186,-0.142138009
1187,-0.141628567
1188,-0.141120951
1189,-0.140615154
1190,-0.140111170
1191,-0.139608992
1192,-0.139108614
1193,-0.138610029
1194,-0.138113232
1195,-0.137618215
1196,-0.137124972
1197,-0.136633498
1198,-0.136143784
1199,-0.135655826
1200,-0.135169617
1201,-0.134685150
1202,-0.134202420
1203,-0.133721420
1204,-0.133242144
1205,-0.132764586
1206,-0.132288739
1207,-0.131814598
1208,-0.131342156
1209,-0.130871408
1210,-0.130402347
1211,-0.129934967
1212,-0.129469262
1213,-0.129005226
1214,-0.128542854
1215,-0.128082138
1216,-0.127623074
1217,-0.127165656
1218,-0.126709876
1219,-0.126255731
1220,-0.125803213
1221,-0.125352317
1222,-0.124903037
1223,-0.124455367
1224,-0.124009302
1225,-0.123564835
1226,-0.123121962
1227,-0.122680676
1228,-0.122240971
1229,-0.121802843
1230,-0.121366284
1231,-0.120931291
1232,-0.120497856
1233,-0.120065976
1234,-0.119635643
1235,-0.119206852
1236,-0.118779598
1237,-0.118353876
1238,-0.117929679
1239,-0.117507003
1240,-0.117085841
1241,-0.116666190
1242,-0.116248042
1243,-0.115831393
1244,-0.115416237
1245,-0.115002569
1246,-0.114590384
1247,-0.114179677
1248,-0.113770441
1249,-0.113362672
1250,-0.112956364
1251,-0.112551513
1252,-0.112148113
1253,-0.111746159
1254,-0.111345645
1255,-0.110946567
1256,-0.110548919
1257,-0.110152696
1258,-0.109757894
1259,-0.109364507
1260,-0.108972529
1261,-0.108581956
1262,-0.108192784
1263,-0.107805006
1264,-0.107418618
1265,-0.107033615
1266,-0.106649991
1267,-0.106267743
1268,-0.105886865
1269,-0.105507352
1270,-0.105129199
1271,-0.104752401
1272,-0.104376954
1273,-0.104002853
1274,-0.103630092
1275,-0.103258668
1276,-0.102888574
1277,-0.102519807
1278,-0.102152362
1279,-0.101786234
1280,-0.101421418
1281,-0.101057910
1282,-0.100695704
1283,-0.100334797
1284,-0.099975183
1285,-0.099616858
1286,-0.099259818
1287,-0.098904057
1288,-0.098549571
1289,-0.098196356
1290,-0.097844407
1291,-0.097493719
1292,-0.097144288
1293,-0.096796109
1294,-0.096449179
1295,-0.096103492
1296,-0.095759043
1297,-0.095415830
1298,-0.095073846
1299,-0.094733088
1300,-0.094393552
1301,-0.094055232
1302,-0.093718125
1303,-0.093382227
1304,-0.093047532
1305,-0.092714037
1306,-0.092381737
1307,-0.092050628
1308,-0.091720706
1309,-0.091391966
1310,-0.091064405
1311,-0.090738017
1312,-0.090412800
1313,-0.090088748
1314,-0.089765857
1315,-0.089444124
1316,-0.089123544
1317,-0.088804113
1318,-0.088485827
1319,-0.088168681
1320,-0.087852673
1321,-0.087537796
1322,-0.087224049
1323,-0.086911426
1324,-0.086599923
1325,-0.086289537
1326,-0.085980264
1327,-0.085672098
1328,-0.085365038
1329,-0.085059078
1330,-0.084754214
1331,-0.084450443
1332,-0.084147761
1333,-0.083846164
1334,-0.083545648
1335,-0.083246209
1336,-0.082947843
1337,-0.082650546
1338,-0.082354315
1339,-0.082059146
1340,-0.081765035
1341,-0.081471978
1342,-0.081179971
1343,-0.080889011
1344,-0.080599093
1345,-0.080310215
1346,-0.080022372
1347,-0.079735561
1348,-0.079449778
1349,-0.079165019
1350,-0.078881280
1351,-0.078598559
1352,-0.078316851
1353,-0.078036152
1354,-0.077756460
1355,-0.077477770
1356,-0.077200079
1357,-0.076923383
1358,-0.076647679
1359,-0.076372964
1360,-0.076099232
1361,-0.075826482
1362,-0.075554710
1363,-0.075283911
1364,-0.075014083
1365,-0.074745222
1366,-0.074477325
1367,-0.074210388
1368,-0.073944408
1369,-0.073679381
1370,-0.073415304
1371,-0.073152173
1372,-0.072889986
1373,-0.072628738
1374,-0.072368427
1375,-0.072109048
1376,-0.071850599
1377,-0.071593077
1378,-0.071336477
1379,-0.071080798
1380,-0.070826034
1381,-0.070572184
1382,-0.070319243
1383,-0.070067210
1384,-0.069816079
1385,-0.069565849
1386,-0.069316515
1387,-0.069068075
1388,-0.068820526
1389,-0.068573863
1390,-0.068328085
1391,-0.068083188
1392,-0.067839168
1393,-0.067596023
1394,-0.067353750
1395,-0.067112345
1396,-0.066871805
1397,-0.066632127
1398,-0.066393308
1399,-0.066155345
1400,-0.065918236
1401,-0.065681976
1402,-0.065446562
1403,-0.065211993
1404,-0.064978264
1405,-0.064745373
1406,-0.064513317
1407,-0.064282092
1408,-0.064051696
1409,-0.063822126
1410,-0.063593379
1411,-0.063365451
1412,-0.063138341
1413,-0.062912044
1414,-0.062686559
1415,-0.062461881
1416,-0.062238009
1417,-0.062014940
1418,-0.061792670
1419,-0.061571196
1420,-0.061350516
1421,-0.061130628
1422,-0.060911527
1423,-0.060693212
1424,-0.060475679
1425,-0.060258926
1426,-0.060042949
1427,-0.059827747
1428,-0.059613316
1429,-0.059399654
1430,-0.059186757
1431,-0.058974624
1432,-0.058763251
1433,-0.058552635
1434,-0.058342774
1435,-0.058133666
1436,-0.057925307
1437,-0.057717694
1438,-0.057510826
1439,-0.057304700
1440,-0.057099312
1441,-0.056894660
1442,-0.056690741
1443,-0.056487554
1444,-0.056285095
1445,-0.056083361
1446,-0.055882351
1447,-0.055682061
1448,-0.055482489
1449,-0.055283632
1450,-0.055085487
1451,-0.054888053
1452,-0.054691327
1453,-0.054495306
1454,-0.054299987
1455,-0.054105368
1456,-0.053911447
1457,-0.053718221
1458,-0.053525688
1459,-0.053333844
1460,-0.053142688
1461,-0.052952218
1462,-0.052762430
1463,-0.052573322
1464,-0.052384892
1465,-0.052197137
1466,-0.052010055
1467,-0.051823644
1468,-0.051637901
1469,-0.051452824
1470,-0.051268410
1471,-0.051084657
1472,-0.050901562
1473,-0.050719124
1474,-0.050537340
1475,-0.050356207
1476,-0.050175723
1477,-0.049995886
1478,-0.049816694
1479,-0.049638144
1480,-0.049460234
1481,-0.049282962
1482,-0.049106325
1483,-0.048930321
1484,-0.048754948
1485,-0.048580204
1486,-0.048406086
1487,-0.048232592
1488,-0.048059719
1489,-0.047887467
1490,-0.047715831
1491,-0.047544811
1492,-0.047374404
1493,-0.047204608
1494,-0.047035420
1495,-0.046866838
1496,-0.046698861
1497,-0.046531486
1498,-0.046364711
1499,-0.046198533
1500,-0.046032951
1501,-0.045867963
1502,-0.045703566
1503,-0.045539758
1504,-0.045376537
1505,-0.045213901
1506,-0.045051848
1507,-0.044890376
1508,-0.044729483
1509,-0.044569166
1510,-0.044409424
1511,-0.044250255
1512,-0.044091656
1513,-0.043933625
1514,-0.043776161
1515,-0.043619261
1516,-0.043462924
1517,-0.043307147
1518,-0.043151928
1519,-0.042997265
1520,-0.042843157
1521,-0.042689602
1522,-0.042536596
1523,-0.042384139
1524,-0.042232229
1525,-0.042080862
1526,-0.041930039
1527,-0.041779756
1528,-0.041630011
1529,-0.041480804
1530,-0.041332131
1531,-0.041183991
1532,-0.041036381
1533,-0.040889301
1534,-0.040742749
1535,-0.040596721
1536,-0.040451217
1537,-0.040306234
1538,-0.040161771
1539,-0.040017825
1540,-0.039874396
1541,-0.039731481
1542,-0.039589078
1543,-0.039447185
1544,-0.039305801
1545,-0.039164923
1546,-0.039024551
1547,-0.038884681
1548,-0.038745313
1549,-0.038606445
1550,-0.038468074
1551,-0.038330199
1552,-0.038192818
1553,-0.038055930
1554,-0.037919532
1555,-0.037783623
1556,-0.037648202
1557,-0.037513265
1558,-0.037378813
1559,-0.037244842
1560,-0.037111351
1561,-0.036978339
1562,-0.036845804
1563,-0.036713743
1564,-0.036582156
1565,-0.036451040
1566,-0.036320395
1567,-0.036190218
1568,-0.036060507
1569,-0.035931261
1570,-0.035802478
1571,-0.035674157
1572,-0.035546296
1573,-0.035418893
1574,-0.035291947
1575,-0.035165456
1576,-0.035039418
1577,-0.034913832
1578,-0.034788696
1579,-0.034664009
1580,-0.034539768
1581,-0.034415973
1582,-0.034292621
1583,-0.034169712
1584,-0.034047243
1585,-0.033925213
1586,-0.033803620
1587,-0.033682463
1588,-0.033561741
1589,-0.033441451
1590,-0.033321592
1591,-0.033202163
1592,-0.033083162
1593,-0.032964587
1594,-0.032846437
1595,-0.032728711
1596,-0.032611407
1597,-0.032494523
1598,-0.032378058
1599,-0.032262011
1600,-0.032146379
1601,-0.032031162
1602,-0.031916358
1603,-0.031801966
1604,-0.031687983
1605,-0.031574409
1606,-0.031461242
1607,-0.031348480
1608,-0.031236123
1609,-0.031124168
1610,-0.031012615
1611,-0.030901462
1612,-0.030790707
1613,-0.030680348
1614,-0.030570386
1615,-0.030460817
1616,-0.030351642
1617,-0.030242857
1618,-0.030134463
1619,-0.030026456
1620,-0.029918837
1621,-0.029811604
1622,-0.029704755
1623,-0.029598289
1624,-0.029492205
1625,-0.029386501
1626,-0.029281176
1627,-0.029176228
1628,-0.029071656
1629,-0.028967459
1630,-0.028863636
1631,-0.028760185
1632,-0.028657104
1633,-0.028554393
1634,-0.028452050
1635,-0.028350074
1636,-0.028248464
1637,-0.028147217
1638,-0.028046334
1639,-0.027945812
1640,-0.027845650
1641,-0.027745848
1642,-0.027646403
1643,-0.027547314
1644,-0.027448581
1645,-0.027350201
1646,-0.027252174
1647,-0.027154499
1648,-0.027057173
1649,-0.026960197
1650,-0.026863568
1651,-0.026767285
1652,-0.026671347
1653,-0.026575753
1654,-0.026480502
1655,-0.026385592
1656,-0.026291023
1657,-0.026196792
1658,-0.026102899
1659,-0.026009343
1660,-0.025916122
1661,-0.025823235
1662,-0.025730681
1663,-0.025638459
1664,-0.025546567
1665,-0.025455004
1666,-0.025363770
1667,-0.025272863
1668,-0.025182281
1669,-0.025092025
1670,-0.025002091
1671,-0.024912480
1672,-0.024823191
1673,-0.024734221
1674,-0.024645570
1675,-0.024557237
1676,-0.024469220
1677,-0.024381519
1678,-0.024294133
1679,-0.024207059
1680,-0.024120298
1681,-0.024033847
1682,-0.023947707
1683,-0.023861875
1684,-0.023776350
1685,-0.023691133
1686,-0.023606220
1687,-0.023521612
1688,-0.023437308
1689,-0.023353305
1690,-0.023269604
1691,-0.023186202
1692,-0.023103100
1693,-0.023020295
1694,-0.022937787
1695,-0.022855575
1696,-0.022773657
1697,-0.022692033
1698,-0.022610702
1699,-0.022529662
1700,-0.022448913
1701,-0.022368453
1702,-0.022288281
1703,-0.022208397
1704,-0.022128799
1705,-0.022049486
1706,-0.021970458
1707,-0.021891713
1708,-0.021813250
1709,-0.021735068
1710,-0.021657167
1711,-0.021579544
1712,-0.021502200
1713,-0.021425133
1714,-0.021348343
1715,-0.021271827
1716,-0.021195586
1717,-0.021119618
1718,-0.021043923
1719,-0.020968498
1720,-0.020893344
1721,-0.020818460
1722,-0.020743843
1723,-0.020669495
1724,-0.020595412
1725,-0.020521595
1726,-0.020448043
1727,-0.020374755
1728,-0.020301729
1729,-0.020228965
1730,-0.020156461
1731,-0.020084218
1732,-0.020012233
1733,-0.019940506
1734,-0.019869037
1735,-0.019797823
1736,-0.019726865
1737,-0.019656162
1738,-0.019585711
1739,-0.019515513
1740,-0.019445567
1741,-0.019375871
1742,-0.019306426
1743,-0.019237229
1744,-0.019168280
1745,-0.019099578
1746,-0.019031122
1747,-0.018962912
1748,-0.018894947
1749,-0.018827225
1750,-0.018759745
1751,-0.018692508
1752,-0.018625511
1753,-0.018558755
1754,-0.018492238
1755,-0.018425959
1756,-0.018359918
1757,-0.018294113
1758,-0.018228545
1759,-0.018163211
1760,-0.018098111
1761,-0.018033245
1762,-0.017968612
1763,-0.017904210
1764,-0.017840039
1765,-0.017776097
1766,-0.017712385
1767,-0.017648902
1768,-0.017585646
1769,-0.017522616
1770,-0.017459813
1771,-0.017397234
1772,-0.017334880
1773,-0.017272750
1774,-0.017210842
1775,-0.017149156
1776,-0.017087691
1777,-0.017026446
1778,-0.016965421
1779,-0.016904615
1780,-0.016844026
1781,-0.016783655
1782,-0.016723500
1783,-0.016663561
1784,-0.016603836
1785,-0.016544326
1786,-0.016485029
1787,-0.016425944
1788,-0.016367071
1789,-0.016308409
1790,-0.016249958
1791,-0.016191716
1792,-0.016133682
1793,-0.016075857
1794,-0.016018239
1795,-0.015960827
1796,-0.015903621
1797,-0.015846621
1798,-0.015789824
1799,-0.015733231
1800,-0.015676841
1801,-0.015620653
1802,-0.015564667
1803,-0.015508881
1804,-0.015453295
1805,-0.015397908
1806,-0.015342720
1807,-0.015287729
1808,-0.015232936
1809,-0.015178339
1810,-0.015123938
1811,-0.015069731
1812,-0.015015719
1813,-0.014961901
1814,-0.014908276
1815,-0.014854842
1816,-0.014801600
1817,-0.014748549
1818,-0.014695689
1819,-0.014643017
1820,-0.014590535
1821,-0.014538240
1822,-0.014486133
1823,-0.014434213
1824,-0.014382479
1825,-0.014330930
1826,-0.014279566
1827,-0.014228386
1828,-0.014177389
1829,-0.014126576
1830,-0.014075944
1831,-0.014025494
1832,-0.013975225
1833,-0.013925135
1834,-0.013875226
1835,-0.013825495
1836,-0.013775943
1837,-0.013726568
1838,-0.013677370
1839,-0.013628348
1840,-0.013579502
1841,-0.013530832
1842,-0.013482335
1843,-0.013434013
1844,-0.013385863
1845,-0.013337886
1846,-0.013290082
1847,-0.013242448
1848,-0.013194985
1849,-0.013147693
1850,-0.013100570
1851,-0.013053615
1852,-0.013006829
1853,-0.012960211
1854,-0.012913760
1855,-0.012867475
1856,-0.012821356
1857,-0.012775403
1858,-0.012729614
1859,-0.012683989
1860,-0.012638528
1861,-0.012593230
1862,-0.012548094
1863,-0.012503120
1864,-0.012458307
1865,-0.012413655
1866,-0.012369163
1867,-0.012324830
1868,-0.012280656
1869,-0.012236640
1870,-0.012192783
1871,-0.012149082
1872,-0.012105538
1873,-0.012062150
1874,-0.012018918
1875,-0.011975840
1876,-0.011932917
1877,-0.011890148
1878,-0.011847532
1879,-0.011805069
1880,-0.011762758
1881,-0.011720598
1882,-0.011678590
1883,-0.011636732
1884,-0.011595025
1885,-0.011553467
1886,-0.011512057
1887,-0.011470797
1888,-0.011429684
1889,-0.011388718
1890,-0.011347899
1891,-0.011307227
1892,-0.011266700
1893,-0.011226319
1894,-0.011186082
1895,-0.011145990
1896,-0.011106041
1897,-0.011066235
1898,-0.011026573
1899,-0.010987052
1900,-0.010947673
1901,-0.010908435
1902,-0.010869337
1903,-0.010830380
1904,-0.010791563
1905,-0.010752884
1906,-0.010714344
1907,-0.010675943
1908,-0.010637679
1909,-0.010599552
1910,-0.010561561
1911,-0.010523707
1912,-0.010485989
1913,-0.010448406
1914,-0.010410957
1915,-0.010373643
1916,-0.010336462
1917,-0.010299415
1918,-0.010262500
1919,-0.010225718
1920,-0.010189068
1921,-0.010152549
1922,-0.010116161
1923,-0.010079903
1924,-0.010043775
1925,-0.010007777
1926,-0.009971908
1927,-0.009936167
1928,-0.009900554
1929,-0.009865069
1930,-0.009829712
1931,-0.009794481
1932,-0.009759376
1933,-0.009724397
1934,-0.009689543
1935,-0.009654815
1936,-0.009620210
1937,-0.009585730
1938,-0.009551374
1939,-0.009517140
1940,-0.009483029
1941,-0.009449041
1942,-0.009415174
1943,-0.009381429
1944,-0.009347805
1945,-0.009314301
1946,-0.009280917
1947,-0.009247653
1948,-0.009214508
1949,-0.009181482
1950,-0.009148574
1951,-0.009115785
1952,-0.009083112
1953,-0.009050557
1954,-0.009018119
1955,-0.008985797
1956,-0.008953590
1957,-0.008921499
1958,-0.008889524
1959,-0.008857662
1960,-0.008825915
1961,-0.008794282
1962,-0.008762762
1963,-0.008731355
1964,-0.008700061
1965,-0.008668878
1966,-0.008637808
1967,-0.008606849
1968,-0.008576001
1969,-0.008545263
1970,-0.008514636
1971,-0.008484118
1972,-0.008453710
1973,-0.008423411
1974,-0.008393220
1975,-0.008363137
1976,-0.008333163
1977,-0.008303296
1978,-0.008273535
1979,-0.008243882
1980,-0.008214335
1981,-0.008184893
1982,-0.008155558
1983,-0.008126327
1984,-0.008097201
1985,-0.008068180
1986,-0.008039262
1987,-0.008010448
1988,-0.007981738
1989,-0.007953130
1990,-0.007924625
1991,-0.007896222
1992,-0.007867921
1993,-0.007839721
1994,-0.007811623
1995,-0.007783625
1996,-0.007755727
1997,-0.007727929
1998,-0.007700232
1999,-0.007672633
2000,-0.007645133
2001,-0.007617732
2002,-0.007590429
2003,-0.007563224
2004,-0.007536116
2005,-0.007509106
2006,-0.007482192
2007,-0.007455375
2008,-0.007428654
2009,-0.007402028
2010,-0.007375498
2011,-0.007349064
2012,-0.007322724
2013,-0.007296478
2014,-0.007270326
2015,-0.007244268
2016,-0.007218304
2017,-0.007192433
2018,-0.007166654
2019,-0.007140968
2020,-0.007115373
2021,-0.007089871
2022,-0.007064460
2023,-0.007039140
2024,-0.007013911
2025,-0.006988772
2026,-0.006963723
2027,-0.006938764
2028,-0.006913895
2029,-0.006889114
2030,-0.006864423
2031,-0.006839820
2032,-0.006815305
2033,-0.006790878
2034,-0.006766538
2035,-0.006742286
2036,-0.006718121
2037,-0.006694042
2038,-0.006670050
2039,-0.006646143
2040,-0.006622323
2041,-0.006598587
2042,-0.006574937
2043,-0.006551372
2044,-0.006527891
2045,-0.006504494
2046,-0.006481181
2047,-0.006457951
2048,-0.006434805
2049,-0.006411742
2050,-0.006388761
2051,-0.006365863
2052,-0.006343047
2053,-0.006320313
2054,-0.006297660
2055,-0.006275088
2056,-0.006252597
2057,-0.006230187
2058,-0.006207857
2059,-0.006185608
2060,-0.006163437
2061,-0.006141347
2062,-0.006119335
2063,-0.006097403
2064,-0.006075549
2065,-0.006053773
2066,-0.006032076
2067,-0.006010456
2068,-0.005988914
2069,-0.005967449
2070,-0.005946060
2071,-0.005924749
2072,-0.005903514
2073,-0.005882355
2074,-0.005861272
2075,-0.005840264
2076,-0.005819332
2077,-0.005798474
2078,-0.005777692
2079,-0.005756984
2080,-0.005736350
2081,-0.005715790
2082,-0.005695304
2083,-0.005674891
2084,-0.005654552
2085,-0.005634285
2086,-0.005614091
2087,-0.005593969
2088,-0.005573920
2089,-0.005553942
2090,-0.005534036
2091,-0.005514201
2092,-0.005494437
2093,-0.005474745
2094,-0.005455122
2095,-0.005435570
2096,-0.005416089
2097,-0.005396677
2098,-0.005377334
2099,-0.005358061
2100,-0.005338857
2101,-0.005319722
2102,-0.005300655
2103,-0.005281657
2104,-0.005262727
2105,-0.005243864
2106,-0.005225070
2107,-0.005206342
2108,-0.005187682
2109,-0.005169089
2110,-0.005150562
2111,-0.005132102
2112,-0.005113708
2113,-0.005095379
2114,-0.005077117
2115,-0.005058920
2116,-0.005040788
2117,-0.005022721
2118,-0.005004719
2119,-0.004986781
2120,-0.004968908
2121,-0.004951099
2122,-0.004933353
2123,-0.004915671
2124,-0.004898053
2125,-0.004880498
2126,-0.004863005
2127,-0.004845576
2128,-0.004828208
2129,-0.004810903
2130,-0.004793660
2131,-0.004776479
2132,-0.004759360
2133,-0.004742302
2134,-0.004725304
2135,-0.004708368
2136,-0.004691493
2137,-0.004674678
2138,-0.004657923
2139,-0.004641229
2140,-0.004624594
2141,-0.004608019
2142,-0.004591503
2143,-0.004575046
2144,-0.004558649
2145,-0.004542310
2146,-0.004526030
2147,-0.004509808
2148,-0.004493644
2149,-0.004477538
2150,-0.004461490
2151,-0.004445499
2152,-0.004429566
2153,-0.004413690
2154,-0.004397871
2155,-0.004382108
2156,-0.004366402
2157,-0.004350752
2158,-0.004335158
2159,-0.004319621
2160,-0.004304139
2161,-0.004288712
2162,-0.004273341
2163,-0.004258024
2164,-0.004242763
2165,-0.004227556
2166,-0.004212404
2167,-0.004197306
2168,-0.004182263
2169,-0.004167273
2170,-0.004152337
2171,-0.004137454
2172,-0.004122625
2173,-0.004107849
2174,-0.004093126
2175,-0.004078456
2176,-0.004063838
2177,-0.004049272
2178,-0.004034759
2179,-0.004020298
2180,-0.004005889
2181,-0.003991531
2182,-0.003977225
2183,-0.003962970
2184,-0.003948766
2185,-0.003934613
2186,-0.003920511
2187,-0.003906459
2188,-0.003892458
2189,-0.003878507
2190,-0.003864606
2191,-0.003850755
2192,-0.003836953
2193,-0.003823201
2194,-0.003809498
2195,-0.003795844
2196,-0.003782239
2197,-0.003768683
2198,-0.003755176
2199,-0.003741717
2200,-0.003728306
2201,-0.003714943
2202,-0.003701628
2203,-0.003688361
2204,-0.003675142
2205,-0.003661969
2206,-0.003648844
2207,-0.003635766
2208,-0.003622735
2209,-0.003609751
2210,-0.003596813
2211,-0.003583922
2212,-0.003571076
2213,-0.003558277
2214,-0.003545524
2215,-0.003532816
2216,-0.003520154
2217,-0.003507537
2218,-0.003494966
2219,-0.003482439
2220,-0.003469958
2221,-0.003457521
2222,-0.003445129
2223,-0.003432781
2224,-0.003420477
2225,-0.003408218
2226,-0.003396002
2227,-0.003383831
2228,-0.003371703
2229,-0.003359618
2230,-0.003347577
2231,-0.003335578
2232,-0.003323623
2233,-0.003311711
2234,-0.003299841
2235,-0.003288014
2236,-0.003276229
2237,-0.003264487
2238,-0.003252787
2239,-0.003241128
2240,-0.003229512
2241,-0.003217937
2242,-0.003206403
2243,-0.003194911
2244,-0.003183460
2245,-0.003172050
2246,-0.003160681
2247,-0.003149352
2248,-0.003138065
2249,-0.003126817
2250,-0.003115611
2251,-0.003104444
2252,-0.003093317
2253,-0.003082230
2254,-0.003071183
2255,-0.003060175
2256,-0.003049207
2257,-0.003038279
2258,-0.003027389
2259,-0.003016538
2260,-0.003005727
2261,-0.002994954
2262,-0.002984219
2263,-0.002973524
2264,-0.002962866
2265,-0.002952247
2266,-0.002941665
2267,-0.002931122
2268,-0.002920617
2269,-0.002910149
2270,-0.002899718
2271,-0.002889325
2272,-0.002878970
2273,-0.002868651
2274,-0.002858369
2275,-0.002848125
2276,-0.002837916
2277,-0.002827745
2278,-0.002817610
2279,-0.002807511
2280,-0.002797449
2281,-0.002787422
2282,-0.002777432
2283,-0.002767477
2284,-0.002757558
2285,-0.002747675
2286,-0.002737827
2287,-0.002728014
2288,-0.002718236
2289,-0.002708494
2290,-0.002698786
2291,-0.002689113
2292,-0.002679475
2293,-0.002669871
2294,-0.002660302
2295,-0.002650767
2296,-0.002641267
2297,-0.002631800
2298,-0.002622367
2299,-0.002612968
2300,-0.002603603
2301,-0.002594271
2302,-0.002584973
2303,-0.002575708
2304,-0.002566477
2305,-0.002557278
2306,-0.002548112
2307,-0.002538980
2308,-0.002529880
2309,-0.002520812
2310,-0.002511777
2311,-0.002502775
2312,-0.002493804
2313,-0.002484866
2314,-0.002475960
2315,-0.002467086
2316,-0.002458244
2317,-0.002449433
2318,-0.002440654
2319,-0.002431906
2320,-0.002423190
2321,-0.002414505
2322,-0.002405851
2323,-0.002397228
2324,-0.002388636
2325,-0.002380075
2326,-0.002371544
2327,-0.002363044
2328,-0.002354575
2329,-0.002346136
2330,-0.002337727
2331,-0.002329348
2332,-0.002320999
2333,-0.002312681
2334,-0.002304392
2335,-0.002296132
2336,-0.002287903
2337,-0.002279703
2338,-0.002271532
2339,-0.002263390
2340,-0.002255278
2341,-0.002247195
2342,-0.002239141
2343,-0.002231115
2344,-0.002223119
2345,-0.002215151
2346,-0.002207211
2347,-0.002199300
2348,-0.002191418
2349,-0.002183563
2350,-0.002175737
2351,-0.002167939
2352,-0.002160169
2353,-0.002152426
2354,-0.002144712
2355,-0.002137025
2356,-0.002129365
2357,-0.002121734
2358,-0.002114129
2359,-0.002106552
2360,-0.002099001
2361,-0.002091478
2362,-0.002083982
2363,-0.002076513
2364,-0.002069070
2365,-0.002061655
2366,-0.002054265
2367,-0.002046903
2368,-0.002039566
2369,-0.002032256
2370,-0.002024972
2371,-0.002017714
2372,-0.002010483
2373,-0.002003277
2374,-0.001996097
2375,-0.001988942
2376,-0.001981814
2377,-0.001974711
2378,-0.001967633
2379,-0.001960581
2380,-0.001953554
2381,-0.001946552
2382,-0.001939575
2383,-0.001932624
2384,-0.001925697
2385,-0.001918795
2386,-0.001911918
2387,-0.001905065
2388,-0.001898237
2389,-0.001891433
2390,-0.001884654
2391,-0.001877899
2392,-0.001871169
2393,-0.001864462
2394,-0.001857780
2395,-0.001851121
2396,-0.001844487
2397,-0.001837876
2398,-0.001831288
2399,-0.001824725
2400,-0.001818185
2401,-0.001811668
2402,-0.001805175
2403,-0.001798705
2404,-0.001792258
2405,-0.001785834
2406,-0.001779434
2407,-0.001773056
2408,-0.001766701
2409,-0.001760369
2410,-0.001754060
2411,-0.001747773
2412,-0.001741509
2413,-0.001735267
2414,-0.001729047
2415,-0.001722850
2416,-0.001716675
2417,-0.001710522
2418,-0.001704392
2419,-0.001698283
2420,-0.001692196
2421,-0.001686131
2422,-0.001680088
2423,-0.001674066
2424,-0.001668066
2425,-0.001662087
2426,-0.001656130
2427,-0.001650194
2428,-0.001644280
2429,-0.001638387
2430,-0.001632514
2431,-0.001626663
2432,-0.001620833
2433,-0.001615024
2434,-0.001609235
2435,-0.001603468
2436,-0.001597720
2437,-0.001591994
2438,-0.001586288
2439,-0.001580603
2440,-0.001574938
2441,-0.001569293
2442,-0.001563668
2443,-0.001558064
2444,-0.001552479
2445,-0.001546915
2446,-0.001541371
2447,-0.001535846
2448,-0.001530342
2449,-0.001524857
2450,-0.001519391
2451,-0.001513946
2452,-0.001508519
2453,-0.001503113
2454,-0.001497725
2455,-0.001492357
2456,-0.001487008
2457,-0.001481679
2458,-0.001476368
2459,-0.001471077
2460,-0.001465804
2461,-0.001460551
2462,-0.001455316
2463,-0.001450100
2464,-0.001444902
2465,-0.001439724
2466,-0.001434563
2467,-0.001429422
2468,-0.001424299
2469,-0.001419194
2470,-0.001414107
2471,-0.001409039
2472,-0.001403989
2473,-0.001398956
2474,-0.001393942
2475,-0.001388946
2476,-0.001383968
2477,-0.001379008
2478,-0.001374065
2479,-0.001369140
2480,-0.001364233
2481,-0.001359344
2482,-0.001354472
2483,-0.001349617
2484,-0.001344780
2485,-0.001339960
2486,-0.001335157
2487,-0.001330372
2488,-0.001325604
2489,-0.001320852
2490,-0.001316118
2491,-0.001311401
2492,-0.001306701
2493,-0.001302018
2494,-0.001297351
2495,-0.001292701
2496,-0.001288068
2497,-0.001283451
2498,-0.001278851
2499,-0.001274268
2500,-0.001269700
2501,-0.001265150
2502,-0.001260615
2503,-0.001256097
2504,-0.001251595
2505,-0.001247109
2506,-0.001242639
2507,-0.001238185
2508,-0.001233748
2509,-0.001229326
2510,-0.001224920
2511,-0.001220529
2512,-0.001216155
2513,-0.001211796
2514,-0.001207453
2515,-0.001203125
2516,-0.001198813
2517,-0.001194516
2518,-0.001190235
2519,-0.001185969
2520,-0.001181718
2521,-0.001177483
2522,-0.001173263
2523,-0.001169057
2524,-0.001164867
2525,-0.001160692
2526,-0.001156532
2527,-0.001152387
2528,-0.001148257
2529,-0.001144141
2530,-0.001140040
2531,-0.001135954
2532,-0.001131883
2533,-0.001127826
2534,-0.001123784
2535,-0.001119756
2536,-0.001115743
2537,-0.001111744
2538,-0.001107759
2539,-0.001103789
2540,-0.001099833
2541,-0.001095891
2542,-0.001091963
2543,-0.001088049
2544,-0.001084149
2545,-0.001080264
2546,-0.001076392
2547,-0.001072534
2548,-0.001068690
2549,-0.001064859
2550,-0.001061043
2551,-0.001057240
2552,-0.001053451
2553,-0.001049675
2554,-0.001045913
2555,-0.001042164
2556,-0.001038429
2557,-0.001034707
2558,-0.001030998
2559,-0.001027303
2560,-0.001023621
2561,-0.001019952
2562,-0.001016297
2563,-0.001012654
2564,-0.001009025
2565,-0.001005408
2566,-0.001001805
2567,-0.000998214
2568,-0.000994636
2569,-0.000991071
2570,-0.000987519
2571,-0.000983980
2572,-0.000980453
2573,-0.000976939
2574,-0.000973438
2575,-0.000969949
2576,-0.000966472
2577,-0.000963008
2578,-0.000959557
2579,-0.000956117
2580,-0.000952691
2581,-0.000949276
2582,-0.000945874
2583,-0.000942484
2584,-0.000939106
2585,-0.000935740
2586,-0.000932386
2587,-0.000929044
2588,-0.000925714
2589,-0.000922396
2590,-0.000919090
2591,-0.000915796
2592,-0.000912514
2593,-0.000909243
2594,-0.000905984
2595,-0.000902737
2596,-0.000899502
2597,-0.000896278
2598,-0.000893065
2599,-0.000889865
2600,-0.000886675
2601,-0.000883497
2602,-0.000880331
2603,-0.000877175
2604,-0.000874031
2605,-0.000870899
2606,-0.000867777
2607,-0.000864667
2608,-0.000861568
2609,-0.000858480
2610,-0.000855403
2611,-0.000852337
2612,-0.000849282
2613,-0.000846238
2614,-0.000843205
2615,-0.000840183
2616,-0.000837172
2617,-0.000834171
2618,-0.000831182
2619,-0.000828203
2620,-0.000825234
2621,-0.000822276
2622,-0.000819329
2623,-0.000816393
2624,-0.000813467
2625,-0.000810551
2626,-0.000807646
2627,-0.000804751
2628,-0.000801867
2629,-0.000798993
2630,-0.000796129
2631,-0.000793276
2632,-0.000790432
2633,-0.000787599
2634,-0.000784777
2635,-0.000781964
2636,-0.000779161
2637,-0.000776369
2638,-0.000773586
2639,-0.000770813
2640,-0.000768051
2641,-0.000765298
2642,-0.000762555
2643,-0.000759822
2644,-0.000757098
2645,-0.000754385
2646,-0.000751681
2647,-0.000748987
2648,-0.000746302
2649,-0.000743628
2650,-0.000740962
2651,-0.000738307
2652,-0.000735660
2653,-0.000733024
2654,-0.000730396
2655,-0.000727779
2656,-0.000725170
2657,-0.000722571
2658,-0.000719981
2659,-0.000717401
2660,-0.000714830
2661,-0.000712267
2662,-0.000709715
2663,-0.000707171
2664,-0.000704636
2665,-0.000702111
2666,-0.000699594
2667,-0.000697087
2668,-0.000694588
2669,-0.000692099
2670,-0.000689618
2671,-0.000687147
2672,-0.000684684
2673,-0.000682230
2674,-0.000679785
2675,-0.000677348
2676,-0.000674920
2677,-0.000672501
2678,-0.000670091
2679,-0.000667689
2680,-0.000665296
2681,-0.000662912
2682,-0.000660536
2683,-0.000658168
2684,-0.000655809
2685,-0.000653459
2686,-0.000651117
2687,-0.000648783
2688,-0.000646458
2689,-0.000644141
2690,-0.000641832
2691,-0.000639532
2692,-0.000637240
2693,-0.000634956
2694,-0.000632680
2695,-0.000630412
2696,-0.000628153
2697,-0.000625901
2698,-0.000623658
2699,-0.000621423
2700,-0.000619195
2701,-0.000616976
2702,-0.000614765
2703,-0.000612561
2704,-0.000610366
2705,-0.000608178
2706,-0.000605999
2707,-0.000603827
2708,-0.000601662
2709,-0.000599506
2710,-0.000597357
2711,-0.000595216
2712,-0.000593083
2713,-0.000590957
2714,-0.000588839
2715,-0.000586729
2716,-0.000584626
2717,-0.000582530
2718,-0.000580442
2719,-0.000578362
2720,-0.000576289
2721,-0.000574224
2722,-0.000572166
2723,-0.000570115
2724,-0.000568071
2725,-0.000566035
2726,-0.000564007
2727,-0.000561985
2728,-0.000559971
2729,-0.000557964
2730,-0.000555964
2731,-0.000553971
2732,-0.000551986
2733,-0.000550008
2734,-0.000548036
2735,-0.000546072
2736,-0.000544115
2737,-0.000542165
2738,-0.000540221
2739,-0.000538285
2740,-0.000536356
2741,-0.000534434
2742,-0.000532518
2743,-0.000530609
2744,-0.000528708
2745,-0.000526813
2746,-0.000524925
2747,-0.000523043
2748,-0.000521168
2749,-0.000519301
2750,-0.000517439
2751,-0.000515585
2752,-0.000513737
2753,-0.000511895
2754,-0.000510061
2755,-0.000508233
2756,-0.000506411
2757,-0.000504596
2758,-0.000502787
2759,-0.000500985
2760,-0.000499190
2761,-0.000497401
2762,-0.000495618
2763,-0.000493842
2764,-0.000492072
2765,-0.000490308
2766,-0.000488551
2767,-0.000486800
2768,-0.000485055
2769,-0.000483316
2770,-0.000481584
2771,-0.000479858
2772,-0.000478138
2773,-0.000476424
2774,-0.000474717
2775,-0.000473015
2776,-0.000471320
2777,-0.000469631
2778,-0.000467947
2779,-0.000466270
2780,-0.000464599
2781,-0.000462934
2782,-0.000461275
2783,-0.000459621
2784,-0.000457974
2785,-0.000456333
2786,-0.000454697
2787,-0.000453067
2788,-0.000451444
2789,-0.000449825
2790,-0.000448213
2791,-0.000446607
2792,-0.000445006
2793,-0.000443411
2794,-0.000441822
2795,-0.000440238
2796,-0.000438660
2797,-0.000437088
2798,-0.000435522
2799,-0.000433961
2800,-0.000432405
2801,-0.000430856
2802,-0.000429311
2803,-0.000427773
2804,-0.000426239
2805,-0.000424712
2806,-0.000423189
2807,-0.000421673
2808,-0.000420161
2809,-0.000418655
2810,-0.000417155
2811,-0.000415660
2812,-0.000414170
2813,-0.000412686
2814,-0.000411206
2815,-0.000409733
2816,-0.000408264
2817,-0.000406801
2818,-0.000405343
2819,-0.000403890
2820,-0.000402442
2821,-0.000401000
2822,-0.000399563
2823,-0.000398131
2824,-0.000396704
2825,-0.000395282
2826,-0.000393865
2827,-0.000392453
2828,-0.000391047
2829,-0.000389645
2830,-0.000388249
2831,-0.000386857
2832,-0.000385471
2833,-0.000384089
2834,-0.000382712
2835,-0.000381341
2836,-0.000379974
2837,-0.000378612
2838,-0.000377255
2839,-0.000375903
2840,-0.000374556
2841,-0.000373213
2842,-0.000371876
2843,-0.000370543
2844,-0.000369215
2845,-0.000367891
2846,-0.000366573
2847,-0.000365259
2848,-0.000363950
2849,-0.000362645
2850,-0.000361345
2851,-0.000360050
2852,-0.000358760
2853,-0.000357474
2854,-0.000356193
2855,-0.000354916
2856,-0.000353644
2857,-0.000352377
2858,-0.000351114
2859,-0.000349855
2860,-0.000348601
2861,-0.000347352
2862,-0.000346107
2863,-0.000344866
2864,-0.000343630
2865,-0.000342399
2866,-0.000341172
2867,-0.000339949
2868,-0.000338730
2869,-0.000337516
2870,-0.000336307
2871,-0.000335101
2872,-0.000333900
2873,-0.000332703
2874,-0.000331511
2875,-0.000330323
2876,-0.000329139
2877,-0.000327959
2878,-0.000326784
2879,-0.000325612
2880,-0.000324445
2881,-0.000323283
2882,-0.000322124
2883,-0.000320969
2884,-0.000319819
2885,-0.000318673
2886,-0.000317530
2887,-0.000316392
2888,-0.000315258
2889,-0.000314128
2890,-0.000313003
2891,-0.000311881
2892,-0.000310763
2893,-0.000309649
2894,-0.000308539
2895,-0.000307433
2896,-0.000306332
2897,-0.000305234
2898,-0.000304140
2899,-0.000303050
2900,-0.000301963
2901,-0.000300881
2902,-0.000299803
2903,-0.000298728
2904,-0.000297657
2905,-0.000296591
2906,-0.000295528
2907,-0.000294468
2908,-0.000293413
2909,-0.000292361
2910,-0.000291313
2911,-0.000290269
2912,-0.000289229
2913,-0.000288192
2914,-0.000287159
2915,-0.000286130
2916,-0.000285105
2917,-0.000284083
2918,-0.000283065
2919,-0.000282050
2920,-0.000281039
2921,-0.000280032
2922,-0.000279028
2923,-0.000278028
2924,-0.000277032
2925,-0.000276039
2926,-0.000275049
2927,-0.000274064
2928,-0.000273081
2929,-0.000272103
2930,-0.000271127
2931,-0.000270156
2932,-0.000269187
2933,-0.000268222
2934,-0.000267261
2935,-0.000266303
2936,-0.000265349
2937,-0.000264398
2938,-0.000263450
2939,-0.000262506
2940,-0.000261565
2941,-0.000260627
2942,-0.000259693
2943,-0.000258763
2944,-0.000257835
2945,-0.000256911
2946,-0.000255990
2947,-0.000255073
2948,-0.000254158
2949,-0.000253248
2950,-0.000252340
2951,-0.000251435
2952,-0.000250534
2953,-0.000249636
2954,-0.000248742
2955,-0.000247850
2956,-0.000246962
2957,-0.000246077
2958,-0.000245195
2959,-0.000244316
2960,-0.000243440
2961,-0.000242568
2962,-0.000241698
2963,-0.000240832
2964,-0.000239969
2965,-0.000239109
2966,-0.000238252
2967,-0.000237398
2968,-0.000236547
2969,-0.000235699
2970,-0.000234854
2971,-0.000234013
2972,-0.000233174
2973,-0.000232338
2974,-0.000231505
2975,-0.000230676
2976,-0.000229849
2977,-0.000229025
2978,-0.000228204
2979,-0.000227386
2980,-0.000226571
2981,-0.000225759
2982,-0.000224950
2983,-0.000224144
2984,-0.000223340
2985,-0.000222540
2986,-0.000221742
2987,-0.000220948
2988,-0.000220156
2989,-0.000219367
2990,-0.000218580
2991,-0.000217797
2992,-0.000217016
2993,-0.000216239
2994,-0.000215463
2995,-0.000214691
2996,-0.000213922
2997,-0.000213155
2998,-0.000212391
2999,-0.000211630
