time in ms,raw 1,raw 2,raw 3,raw 4,raw 5,raw 6,raw 7,raw 8
1031770,33.11841,32.58348,32.87695,28.90796,28.09761,26.5919,28.96349
1032900,33.11841,32.58348,32.87695,30.32836,28.09761,26.5919,28.96349
1034030,33.11841,32.58348,32.87695,31.44585,28.36688,26.5919,28.96349
1035160,33.11841,32.58348,32.87695,32.32083,29.03428,26.82396,29.40608
1036800,33.11841,32.58348,32.87695,33.23064,29.97,27.75836,30.26592
1038330,33.11841,33.07564,32.87695,33.8029,30.66291,28.48991,30.99255
1040460,33.11841,33.60134,33.75065,34.36741,31.51668,29.42193,31.87286
1041990,33.11841,33.90173,34.26507,34.64383,32.05132,30.0052,32.38237
1043520,33.11841,34.22154,34.59382,34.87439,32.48502,30.56971,32.77453
1044960,33.26331,34.47848,34.82568,35.03295,32.8282,31.05361,33.0695
1046490,33.70713,34.716,34.98393,35.16787,33.13803,31.54006,33.31572
1048020,34.0555,34.88845,35.12804,35.24763,33.44084,31.9572,33.53492
1049550,34.31628,35.03227,35.26186,35.29564,33.73456,32.33478,33.73158
1051080,34.47294,35.14729,35.36292,35.3439,33.98676,32.67748,33.9013
1052620,34.57366,35.218,35.44806,35.37616,34.20815,32.94615,34.07166
1054150,34.67577,35.27786,35.50199,35.40576,34.39268,33.18605,34.21565
1055690,34.77695,35.3276,35.53261,35.43697,34.54283,33.40908,34.32112
1057320,34.88113,35.36378,35.56559,35.45522,34.68719,33.60178,34.4303
1059550,35.0202,35.39266,35.594,35.46919,34.84622,33.81923,34.55145
1061180,35.10921,35.4093,35.6082,35.4744,34.93766,33.96117,34.62837
1062710,35.16313,35.43565,35.60573,35.48337,35.00602,34.13012,34.68606
1064250,35.21622,35.45297,35.6113,35.48726,35.06933,34.2889,34.74479
1065780,35.26709,35.46374,35.6246,35.48156,35.13298,34.4136,34.80778
1067410,35.30091,35.48123,35.61644,35.47593,35.18472,34.53871,34.83564
1068940,35.32142,35.49539,35.60127,35.46352,35.23095,34.626,34.86582
1070580,35.34477,35.50606,35.57724,35.45317,35.27553,34.70052,34.90096
1072210,35.35998,35.51994,35.536,35.4494,35.31252,34.76254,34.93316
1073840,35.36989,35.53549,35.48998,35.4525,35.34428,34.81323,34.96518
1075480,35.38091,35.54819,35.45119,35.45352,35.37529,34.84921,34.99881
1077110,35.39428,35.5539,35.41827,35.44914,35.40527,34.8708,35.03852
1079340,35.41535,35.55727,35.39691,35.45511,35.44085,34.89778,35.08268
1081370,35.43266,35.56293,35.38988,35.46453,35.46729,34.92321,35.11384
1082910,35.43265,35.57481,35.38233,35.47738,35.47992,34.94558,35.11889
1084340,35.4476,35.57457,35.38932,35.47827,35.49733,34.95368,35.13154
1085770,35.45876,35.57661,35.39345,35.57655,35.51005,34.96424,35.14492
1087300,35.45683,35.58697,35.3905,35.49147,35.51789,34.97992,35.15667
1088740,35.4701,35.58626,35.40251,35.49213,35.53152,34.98428,35.17514
1090270,35.46843,35.59783,35.39782,35.50495,35.53461,35.003,35.17569
1091800,35.48378,35.59477,35.4141,35.50444,35.54747,35.00605,35.19418
1093340,35.48756,35.59902,35.42398,35.50648,35.55811,35.00865,35.2085
1094870,35.48383,35.60992,35.42064,35.51828,35.55897,35.02431,35.20705
1096400,35.49736,35.60737,35.43731,35.51758,35.56914,35.02581,35.22061
1098540,35.50288,35.60971,35.45295,35.51883,35.58071,35.02683,35.23966
1100070,35.49635,35.61895,35.45118,35.5284,35.57847,35.04051,35.23769
1101600,35.50891,35.61507,35.46796,35.52575,35.5867,35.0409,35.24891
1103130,35.51371,35.61539,35.47972,35.52507,35.59547,35.03811,35.26553
1104770,35.52041,35.61526,35.48962,35.52706,35.59998,35.0425,35.27379
1106300,35.51477,35.62281,35.48928,35.53425,35.6007,35.04969,35.27894
1107830,35.51743,35.62534,35.49335,35.54005,35.60107,35.05863,35.27843
1109460,35.5176,35.62773,35.49963,35.54322,35.60457,35.05992,35.28723
1111000,35.52916,35.62266,35.51323,35.54113,35.6108,35.05804,35.2968
1112630,35.52512,35.62753,35.51157,35.5478,35.61081,35.06311,35.29936
1114260,35.52383,35.62893,35.51433,35.54991,35.61346,35.06273,35.30695
1115990,35.53445,35.62344,35.52724,35.54727,35.61911,35.06107,35.31676
1118220,35.52999,35.62929,35.52739,35.55391,35.61874,35.06844,35.32095
1119860,35.52916,35.63196,35.52945,35.55657,35.62132,35.06995,35.32858
1121490,35.53363,35.62862,35.53534,35.55339,35.62711,35.06574,35.33907
1123120,35.53962,35.6242,35.54475,35.54949,35.63107,35.06318,35.34811
1124750,35.54293,35.62338,35.55069,35.54859,35.6319,35.06684,35.35224
1126390,35.54021,35.62745,35.54941,35.55206,35.62927,35.07514,35.35114
1128020,35.53351,35.63201,35.5465,35.55439,35.62617,35.08203,35.35146
1130050,35.53204,35.63505,35.54583,35.5549,35.62785,35.08395,35.35923
1131580,35.54288,35.63021,35.55445,35.55043,35.6321,35.08254,35.36645
1133020,35.53703,35.63512,35.54962,35.55439,35.62937,35.08865,35.36443
1134450,35.53366,35.63668,35.54995,35.55463,35.62931,35.08949,35.36918
1135980,35.54409,35.63117,35.56064,35.54981,35.6322,35.08845,35.37539
1138110,35.54437,35.62979,35.56856,35.54487,35.63436,35.0848,35.38719
1139650,35.53418,35.63798,35.55819,35.55193,35.6261,35.09638,35.37895
1141180,35.5441,35.63164,35.56644,35.54485,35.62846,35.09338,35.38491
1142710,35.5445,35.63065,35.56882,35.54025,35.63126,35.08802,35.39562
1144240,35.53562,35.63919,35.5567,35.54792,35.62428,35.09944,35.38824
1145780,35.54626,35.63328,35.56467,35.54245,35.62801,35.09734,35.39533
1147310,35.54722,35.63298,35.56696,35.53938,35.63157,35.09325,35.40616
1148840,35.5386,35.64152,35.55159,35.54769,35.62447,35.10514,35.3979
1150370,35.54888,35.63505,35.55781,35.54159,35.62761,35.10312,35.40374
1151910,35.54926,35.63373,35.55878,35.53721,35.63074,35.09902,35.41384
1153440,35.53996,35.64217,35.54323,35.54533,35.62357,35.11151,35.4049
1154970,35.55044,35.63594,35.54772,35.53952,35.62704,35.11008,35.4108
1157200,35.54502,35.64163,35.53269,35.54222,35.62292,35.11831,35.40888
1158740,35.55513,35.63385,35.53861,35.53221,35.62942,35.11052,35.42137
1160370,35.55176,35.63578,35.53163,35.53538,35.62502,35.11873,35.41724
1162000,35.54658,35.64146,35.52031,35.53966,35.62171,35.12711,35.4149
1163630,35.54363,35.64381,35.51085,35.53976,35.62079,35.12943,35.41727
1165270,35.54694,35.64106,35.50691,35.53553,35.62372,35.12664,35.42526
1166900,35.55399,35.63635,35.50483,35.53098,35.6269,35.12492,35.43173
1168530,35.55759,35.63426,35.49856,35.52959,35.62647,35.12784,35.43258
1170160,35.55558,35.63735,35.48863,35.53338,35.62241,35.13633,35.42871
1171800,35.54932,35.64253,35.47717,35.53725,35.61791,35.14444,35.42585
1173530,35.55904,35.63447,35.48724,35.5284,35.62432,35.13743,35.43965
1175260,35.54872,35.6413,35.47803,35.53399,35.61922,35.14524,35.43754
1177490,35.55572,35.63651,35.47978,35.52868,35.62172,35.14387,35.44549
1179520,35.56014,35.63456,35.48201,35.52786,35.62153,35.14762,35.44822
1181060,35.55006,35.64238,35.47084,35.53345,35.61668,35.15487,35.44539
1182590,35.55094,35.64213,35.46921,35.53505,35.61243,35.16216,35.44019
1184020,35.54744,35.64422,35.46581,35.53602,35.61113,35.16375,35.44243
1185460,35.5505,35.64191,35.46787,35.53256,35.61385,35.16009,35.45083
1186990,35.55254,35.64319,35.4652,35.5356,35.61052,35.1677,35.44602
1188520,35.56154,35.63493,35.47518,35.5265,35.61609,35.15784,35.45838
1189950,35.5585,35.63719,35.46876,35.52946,35.61113,35.16425,35.45283
1191490,35.55692,35.63628,35.46976,35.5262,35.61329,35.15983,35.46128
1193020,35.54803,35.64448,35.45595,35.53441,35.60552,35.17153,35.45161
1194550,35.5579,35.63755,35.4636,35.52872,35.6085,35.16852,35.45697
1196690,35.55752,35.63685,35.46329,35.525,35.61089,35.16425,35.46661
1198220,35.54848,35.64588,35.44705,35.5335,35.60316,35.17582,35.45679
1199750,35.55824,35.63884,35.45262,35.5276,35.60594,35.17236,35.46203
1201280,35.55801,35.638,35.44788,35.52438,35.6085,35.16746,35.47091
1202910,35.56187,35.63616,35.44142,35.52313,35.60802,35.16873,35.47151
1204450,35.55209,35.64327,35.42596,35.52878,35.60341,35.17471,35.46883
1206080,35.55894,35.63814,35.42655,35.52418,35.60649,35.17118,35.47579
1207610,35.54954,35.64572,35.40916,35.53179,35.59844,35.18221,35.46555
1209250,35.55206,35.64267,35.41113,35.52809,35.60151,35.1788,35.47394
1210880,35.55992,35.63893,35.41079,35.52431,35.60556,35.17609,35.48144
1212510,35.56391,35.63696,35.40979,35.52289,35.60512,35.17725,35.48212
1214140,35.56075,35.63927,35.40567,35.5258,35.60024,35.18361,35.47705
1216480,35.55928,35.63736,35.41307,35.52077,35.60156,35.1788,35.48561
1218110,35.56185,35.63419,35.41993,35.5184,35.60059,35.17998,35.48594
1219740,35.55865,35.63656,35.41899,35.521,35.59624,35.18642,35.48059
1221370,35.55147,35.64087,35.41787,35.52443,35.59205,35.19223,35.47695
1223000,35.54785,35.64264,35.42124,35.52383,35.59121,35.19288,35.47931
1224640,35.55073,35.63955,35.43308,35.51901,35.59426,35.18834,35.48714
1226270,35.55695,35.63496,35.44851,35.51352,35.59721,35.18456,35.49368
1228300,35.56048,35.63359,35.4598,35.51067,35.59681,35.18554,35.49475
1229830,35.55026,35.64055,35.45838,35.51377,35.59212,35.19001,35.49153
1231270,35.55655,35.63527,35.47391,35.50781,35.59517,35.18507,35.49821
1232700,35.56021,35.633,35.48389,35.50497,35.59487,35.1852,35.49825
1234130,35.55667,35.63545,35.48638,35.50661,35.59012,35.1897,35.49246
1236270,35.55525,35.63284,35.49993,35.50044,35.59241,35.18186,35.50173
1237700,35.55862,35.63102,35.50858,35.49755,35.59229,35.18003,35.50164
1239230,35.54883,35.63785,35.50774,35.50026,35.58825,35.18082,35.49904
1240760,35.5489,35.63847,35.51325,35.50116,35.58394,35.18316,35.49261
1242290,35.55829,35.63025,35.53397,35.49203,35.5911,35.17052,35.50593
1243830,35.54697,35.63624,35.53115,35.49507,35.58542,35.17035,35.50175
1245360,35.54584,35.63557,35.5346,35.49599,35.58071,35.17211,35.49474
1246890,35.5548,35.62761,35.55275,35.48759,35.58766,35.15933,35.508
1248420,35.54417,35.63412,35.54862,35.49154,35.58265,35.15947,35.50421
1249960,35.54318,35.63402,35.55054,35.49332,35.57783,35.16135,35.49705
1251490,35.55218,35.62562,35.56575,35.48357,35.5842,35.14753,35.50894
1253120,35.54886,35.62806,35.56412,35.48562,35.57976,35.14902,35.5034
1255350,35.54175,35.63202,35.56168,35.48841,35.57489,35.1492,35.49915
1256890,35.55058,35.62338,35.57589,35.47963,35.58155,35.13664,35.51113
1258520,35.54747,35.62606,35.57301,35.48243,35.57718,35.13962,35.50505
1260150,35.54059,35.6307,35.56746,35.4857,35.5727,35.14252,35.5004
1261680,35.55031,35.62217,35.58018,35.47632,35.57925,35.13115,35.51236
1263320,35.54676,35.62471,35.57491,35.47903,35.57474,35.13532,35.50539
1264950,35.53913,35.62909,35.56795,35.48297,35.5705,35.1396,35.50084
1266580,35.53604,35.63093,35.56483,35.48293,35.57014,35.13901,35.50223
1268210,35.53908,35.62769,35.56845,35.47822,35.57357,35.13365,35.50869
1269850,35.54496,35.62192,35.57466,35.47314,35.5766,35.12965,35.51354
1271580,35.53367,35.62896,35.56005,35.48021,35.56823,35.13989,35.50147
1273210,35.53534,35.62403,35.56391,35.47513,35.57093,35.13482,35.50741
1275440,35.5406,35.61787,35.56786,35.4699,35.57391,35.13132,35.51125
1277480,35.54161,35.61465,35.56754,35.46814,35.57262,35.13334,35.50871
1278910,35.53643,35.61684,35.56086,35.472,35.56792,35.14009,35.5014
1280340,35.52886,35.6208,35.55275,35.47607,35.56404,35.14563,35.49604
1281770,35.52465,35.62155,35.55023,35.47626,35.56364,35.14613,35.49676
1283310,35.53316,35.61416,35.55775,35.47087,35.5665,35.14367,35.49855
1284740,35.52508,35.6183,35.54988,35.47497,35.56238,35.14904,35.49233
1286270,35.53325,35.60835,35.56217,35.46579,35.56855,35.14118,35.50276
1287800,35.5215,35.61326,35.55405,35.47026,35.56479,35.14656,35.49977
1289340,35.51842,35.61389,35.55014,35.47385,35.55999,35.15517,35.4906
1290870,35.52547,35.60393,35.56358,35.46526,35.56659,35.1476,35.50137
1292400,35.50932,35.60938,35.55485,35.47003,35.56304,35.15299,35.4978
1294630,35.50112,35.60246,35.55984,35.46484,35.56529,35.15078,35.50014
1296270,35.49589,35.59952,35.55922,35.46414,35.56396,35.15357,35.4975
1297800,35.48103,35.60453,35.54743,35.46873,35.55983,35.1589,35.49421
1299330,35.47525,35.60498,35.53819,35.47194,35.55476,35.16758,35.48502
1300860,35.4823,35.59527,35.54371,35.46317,35.56102,35.1598,35.49527
1302400,35.4704,35.60053,35.52683,35.46788,35.55734,35.1648,35.49196
1304030,35.46802,35.59421,35.52442,35.4631,35.55954,35.1628,35.49567
1305660,35.4581,35.59094,35.51689,35.46247,35.55812,35.16608,35.49361
1307190,35.44069,35.59634,35.49829,35.46699,35.55422,35.17117,35.49059
1308830,35.44096,35.59014,35.49471,35.46297,35.55659,35.16892,35.49458
1310460,35.43988,35.58774,35.48527,35.46299,35.55562,35.17177,35.49233
1311990,35.42744,35.59332,35.46748,35.46734,35.55214,35.17649,35.48946
1314220,35.43014,35.58681,35.46664,35.46293,35.55419,35.17558,35.49353
1315860,35.43128,35.5843,35.46421,35.46285,35.55321,35.17899,35.49144
1317490,35.42649,35.58658,35.45665,35.46642,35.54817,35.18625,35.48439
1319120,35.41819,35.58928,35.4497,35.46998,35.54347,35.19209,35.48024
1320750,35.41555,35.58953,35.44858,35.47008,35.54323,35.19308,35.48254
1322380,35.41999,35.58497,35.45531,35.46551,35.54634,35.18969,35.4888
1324020,35.42595,35.57838,35.46468,35.46081,35.54859,35.18756,35.49316
1326050,35.42887,35.57522,35.46875,35.4599,35.54674,35.19073,35.49088
1327580,35.42001,35.57976,35.46448,35.46379,35.54303,35.1947,35.48932
1329010,35.42646,35.5735,35.47401,35.45906,35.54515,35.19223,35.49369
1330550,35.41553,35.58073,35.46505,35.46718,35.53734,35.20341,35.48363
1332080,35.42433,35.57271,35.47635,35.46236,35.53903,35.20233,35.48556
1334210,35.42536,35.56744,35.48559,35.45728,35.54197,35.19698,35.49412
1335740,35.41384,35.57428,35.47635,35.46546,35.53384,35.20734,35.48377
1337180,35.41792,35.56924,35.48471,35.46087,35.53705,35.20232,35.49024
1338710,35.41615,35.57031,35.48209,35.46426,35.53158,35.2096,35.48205
1340240,35.42634,35.56046,35.4972,35.45505,35.53716,35.20072,35.49183
1341770,35.41666,35.56534,35.49186,35.45889,35.53321,35.20398,35.49044
1343310,35.41478,35.56677,35.48924,35.46247,35.52786,35.21152,35.48165
1344840,35.42609,35.55714,35.50363,35.4538,35.53428,35.20252,35.49243
1346370,35.41843,35.56293,35.49796,35.45843,35.53082,35.20537,35.49091
1348000,35.42524,35.55691,35.50652,35.45393,35.5328,35.202,35.49578
1349630,35.42817,35.55464,35.50858,35.45402,35.53169,35.20396,35.49417
1351170,35.41967,35.55994,35.50111,35.45805,35.52765,35.20717,35.49234
1353400,35.42652,35.5537,35.50909,35.45365,35.52928,35.20391,35.49703
1354930,35.41662,35.56197,35.49686,35.46234,35.52112,35.2144,35.487
1356460,35.42683,35.55519,35.50464,35.45796,35.52345,35.21241,35.48959
1358000,35.42869,35.55196,35.50963,35.45385,35.52717,35.20634,35.49898
1359630,35.432,35.55049,35.51125,35.45422,35.52664,35.2091,35.49791
1361260,35.42847,35.55353,35.50608,35.4587,35.52238,35.21574,35.49174
1362890,35.42187,35.55739,35.49893,35.46267,35.51809,35.22016,35.48724
1364530,35.41949,35.55793,35.49788,35.46304,35.51783,35.21975,35.48935
1366160,35.42273,35.55316,35.50394,35.45808,35.52078,35.21454,35.49562
1367890,35.42116,35.55366,35.50009,35.46088,35.5154,35.22133,35.48682
1369520,35.41668,35.55314,35.49937,35.45964,35.51434,35.22032,35.48691
1371150,35.4199,35.54839,35.50503,35.45516,35.51722,35.21483,35.49372
1373390,35.42734,35.54253,35.5127,35.45053,35.52046,35.21154,35.49852
1375420,35.4296,35.54012,35.51497,35.44953,35.51905,35.21264,35.49626
1376850,35.42564,35.5423,35.50944,35.45272,35.51386,35.21778,35.48928
1378280,35.41876,35.5461,35.50343,35.45618,35.50936,35.22186,35.4844
1379720,35.41582,35.54685,35.50264,35.45612,35.50882,35.22077,35.4857
1381250,35.42501,35.53946,35.51149,35.45048,35.51132,35.21743,35.4884
1382780,35.42548,35.53696,35.51611,35.44598,35.51438,35.21108,35.49644
1384310,35.41538,35.5444,35.50564,35.45372,35.50623,35.22079,35.48512
1385850,35.42458,35.5372,35.51583,35.44824,35.5091,35.21741,35.4882
1387280,35.41847,35.54178,35.51065,35.45293,35.50541,35.22225,35.48422
1388810,35.42876,35.53297,35.5237,35.4441,35.51183,35.21228,35.49534
1390340,35.41962,35.5389,35.51634,35.4484,35.50736,35.2153,35.49201
1392480,35.41855,35.53947,35.51429,35.45114,35.50211,35.22109,35.48388
1394010,35.42934,35.53041,35.52811,35.4418,35.50838,35.21096,35.49517
1395540,35.41974,35.53669,35.52285,35.44614,35.50413,35.21454,35.49228
1397170,35.42742,35.53257,35.53359,35.44243,35.50806,35.21143,35.49809
1398710,35.41842,35.54122,35.52527,35.4511,35.50086,35.22185,35.48775
1400240,35.42823,35.53453,35.53677,35.44537,35.50358,35.21802,35.49017
1401770,35.42747,35.53151,35.54326,35.44016,35.50551,35.2105,35.49691
1403400,35.42901,35.52887,35.54793,35.43814,35.50414,35.21027,35.49428
1404930,35.41851,35.53468,35.54262,35.44196,35.49932,35.21322,35.49002
1406570,35.42416,35.52887,35.5524,35.43611,35.50181,35.20791,35.49373
1408100,35.41269,35.53579,35.54349,35.44274,35.49316,35.21652,35.48028
1409630,35.4205,35.52774,35.55436,35.43579,35.49572,35.212,35.48222
1411870,35.41295,35.53205,35.55259,35.43828,35.49123,35.21526,35.47681
1413500,35.40977,35.53293,35.55432,35.43772,35.49035,35.21332,35.4779
1415130,35.41279,35.52863,35.56265,35.43246,35.49364,35.20738,35.48445
1416760,35.4196,35.52335,35.57312,35.42695,35.49667,35.2021,35.48774
1418400,35.42077,35.52034,35.57647,35.42463,35.49495,35.20129,35.48481
1420030,35.41568,35.52256,35.57349,35.42676,35.49019,35.2056,35.47686
1421660,35.40878,35.52712,35.56927,35.43101,35.48607,35.20921,35.47232
1423290,35.40606,35.52851,35.57064,35.43082,35.48592,35.20745,35.47395
1425330,35.40895,35.5239,35.57908,35.42532,35.48881,35.20032,35.47978
1426760,35.41548,35.51851,35.58795,35.42034,35.49162,35.19504,35.48373
1428190,35.41769,35.51667,35.5911,35.41925,35.49057,35.19555,35.48085
1429720,35.40773,35.52231,35.58491,35.42307,35.48713,35.19686,35.47846
1431960,35.41425,35.51713,35.59438,35.41773,35.48978,35.19138,35.48171
1433390,35.41561,35.51536,35.5961,35.41701,35.48855,35.19196,35.4788
1434820,35.41131,35.51915,35.59192,35.42093,35.48399,35.19675,35.47221
1436360,35.4127,35.51575,35.5988,35.4154,35.48782,35.18851,35.48038
1437890,35.40135,35.52414,35.58798,35.42324,35.4798,35.19716,35.46912
1439420,35.41037,35.51724,35.59618,35.41766,35.48187,35.19377,35.47048
1440950,35.41146,35.51368,35.60224,35.41178,35.48518,35.18536,35.47835
1442480,35.40038,35.52205,35.59131,35.41904,35.47703,35.19414,35.46672
1444020,35.40958,35.51559,35.60011,35.4136,35.47924,35.19078,35.46835
1445550,35.41123,35.51307,35.60622,35.40865,35.48285,35.18298,35.47686
1447080,35.40041,35.5218,35.59507,35.41713,35.47521,35.19216,35.46577
1448610,35.40932,35.51512,35.60369,35.41116,35.47757,35.18846,35.46688
1450850,35.40056,35.51923,35.59802,35.41363,35.47307,35.19066,35.46006
1452480,35.39694,35.51974,35.59699,35.41209,35.47213,35.18769,35.46034
1454010,35.40465,35.51224,35.60494,35.40614,35.47394,35.18296,35.46086
1455540,35.40506,35.50923,35.60956,35.40092,35.4775,35.17506,35.46873
1457180,35.40734,35.50746,35.61107,35.39928,35.47635,35.1751,35.46518
1458810,35.40249,35.51075,35.60535,35.40261,35.47195,35.1797,35.45776
1460440,35.39487,35.51495,35.59911,35.40536,35.46758,35.18224,35.45192
1462070,35.39186,35.51596,35.59792,35.40455,35.46728,35.17974,35.45291
1463700,35.39502,35.51184,35.60336,35.39953,35.4704,35.17312,35.45887
1465340,35.40135,35.50655,35.60978,35.39465,35.47332,35.16804,35.46239
1466970,35.40341,35.50488,35.61092,35.39354,35.47233,35.16813,35.45951
1468600,35.39886,35.50784,35.60514,35.3969,35.46769,35.17222,35.45181
1470930,35.39859,35.5044,35.60914,35.39136,35.47067,35.16342,35.45835
1472670,35.38674,35.51213,35.59664,35.39848,35.46272,35.17154,35.44568
1474700,35.39065,35.50858,35.60256,35.39424,35.4666,35.16541,35.45231
1476230,35.38925,35.51067,35.59806,35.39767,35.46181,35.17136,35.44296
1477660,35.38612,35.51157,35.59674,35.39703,35.46176,35.16905,35.44425
1479100,35.38947,35.50685,35.60241,35.39131,35.46522,35.16243,35.44989
1480530,35.39497,35.50103,35.60854,35.38557,35.46765,35.15755,35.45231
1481960,35.39645,35.49951,35.60899,35.38481,35.46642,35.15867,35.44895
1483400,35.39185,35.50356,35.6026,35.38893,35.46191,35.1638,35.44201
1484930,35.39419,35.49989,35.60794,35.38315,35.46613,35.14496,35.4505
1486360,35.39603,35.4987,35.60805,35.38263,35.46485,35.15693,35.4476
1487890,35.38754,35.50428,35.60099,35.38582,35.46195,35.1577,35.44603
1490130,35.39371,35.4988,35.60709,35.38083,35.46409,35.15315,35.44926
1491660,35.38278,35.50778,35.59444,35.38937,35.45684,35.16163,35.43882
1493190,35.39074,35.5016,35.60092,35.38463,35.45805,35.1591,35.43822
1494720,35.39251,35.49761,35.60651,35.37888,35.46217,35.15068,35.44672
1496250,35.38104,35.50622,35.5937,35.38635,35.45448,35.15862,35.43586
1497790,35.38888,35.49999,35.60028,35.38204,35.45601,35.1564,35.43566
1499320,35.39171,35.49616,35.60569,35.37648,35.46044,35.14805,35.44471
1500950,35.39301,35.49473,35.60558,35.3758,35.45867,35.14893,35.44041
1502480,35.38383,35.49976,35.59811,35.37821,35.45607,35.14936,35.43872
1504020,35.38036,35.5031,35.59171,35.38281,35.45058,35.1566,35.42898
1505650,35.37876,35.5034,35.59142,35.38181,35.45117,35.15373,35.43171
1507280,35.38362,35.49874,35.59731,35.37716,35.45471,35.14718,35.43798
1509610,35.38055,35.50227,35.5905,35.38201,35.44916,35.1541,35.42743
1511250,35.37809,35.50214,35.58961,35.38048,35.44949,35.15102,35.4297
1512880,35.38284,35.49736,35.59564,35.37536,35.45301,35.14465,35.43584
1514410,35.3792,35.50086,35.58878,35.38006,35.44743,35.15157,35.42521
1516040,35.37679,35.50047,35.58777,35.37854,35.44793,35.14802,35.42739
1517680,35.38152,35.49553,35.59333,35.37282,35.45144,35.14147,35.43285
1519310,35.38673,35.48994,35.59775,35.36782,35.4531,35.13721,35.4347
1521040,35.37474,35.49863,35.58488,35.37557,35.44571,35.14531,35.4241
1523070,35.37893,35.49309,35.59027,35.36997,35.44898,35.13825,35.42955
1524510,35.38513,35.48803,35.5957,35.36605,35.45123,35.13451,35.43234
1525940,35.38648,35.48766,35.59474,35.36632,35.4493,35.1367,35.42724
1527470,35.37676,35.49013,35.5872,35.36625,35.44714,35.13477,35.42585
1529600,35.37021,35.49277,35.57865,35.37065,35.44064,35.14147,35.41386
1531140,35.38148,35.48286,35.59083,35.3619,35.44659,35.13258,35.42281
1532570,35.37611,35.48727,35.58434,35.36652,35.44176,35.13728,35.41585
1534000,35.36953,35.49139,35.57852,35.37008,35.4392,35.1392,35.41303
1535440,35.36744,35.49015,35.57772,35.36653,35.43992,35.13503,35.41364
1536970,35.36908,35.48314,35.57378,35.35846,35.43738,35.13431,35.40749
1538400,35.36205,35.487,35.56702,35.36062,35.43444,35.13631,35.40481
1539930,35.37524,35.47767,35.57852,35.3535,35.44046,35.12822,35.4142
1541570,35.37073,35.48278,35.57131,35.35948,35.43648,35.13366,35.40888
1543100,35.37728,35.47811,35.57955,35.35374,35.44249,35.12466,35.4208
1544630,35.36611,35.48739,35.56806,35.36171,35.43664,35.13197,35.41291
1546160,35.3728,35.48456,35.57158,35.36128,35.43666,35.13351,35.41029
1548400,35.367,35.48819,35.56649,35.36391,35.43465,35.13491,35.4083
1549930,35.3788,35.47924,35.57745,35.3565,35.44029,35.12699,35.41633
1551560,35.37215,35.48407,35.57048,35.36123,35.4362,35.13224,35.40939
1553090,35.37816,35.47809,35.5787,35.35424,35.44189,35.12215,35.42051
1554630,35.36572,35.48605,35.56721,35.36082,35.43539,35.12826,35.41193
1556260,35.37102,35.48016,35.57318,35.35519,35.43865,35.12154,35.41715
1557790,35.36379,35.48565,35.56335,35.3622,35.43179,35.13055,35.40511
1559520,35.37444,35.47721,35.57452,35.3553,35.43701,35.12302,35.41239
1561150,35.36686,35.48145,35.56683,35.35964,35.43264,35.12781,35.4051
1562790,35.3604,35.48429,35.56164,35.36145,35.43037,35.12857,35.40326
1564420,35.35965,35.48214,35.5633,35.35846,35.43257,35.12342,35.40812
1566150,35.36247,35.47955,35.56317,35.35887,35.43063,35.12606,35.40303
1568490,35.36815,35.47312,35.57241,35.35203,35.43747,35.11581,35.41466
1570120,35.36463,35.47408,35.56749,35.35428,35.43343,35.11951,35.40756
1572150,35.35477,35.47809,35.55775,35.35812,35.42795,35.12382,35.39982
1573690,35.36069,35.46984,35.56642,35.34929,35.43406,35.11237,35.41017
1575220,35.34804,35.47626,35.55477,35.35476,35.42883,35.11747,35.40421
1576650,35.35252,35.47118,35.5618,35.35025,35.43277,35.11206,35.40977
1578180,35.34122,35.47827,35.55054,35.35786,35.42518,35.12152,35.39757
1579620,35.34152,35.47504,35.55375,35.35442,35.42807,35.11562,35.40342
1581150,35.34047,35.47469,35.55077,35.35646,35.42455,35.12006,35.39606
1582680,35.34692,35.46595,35.5601,35.3477,35.43089,35.10878,35.40674
1584210,35.33457,35.47221,35.54897,35.35331,35.42593,35.11305,35.4017
1585750,35.33233,35.47251,35.54564,35.35597,35.4222,35.11813,35.39407
1587880,35.33782,35.46391,35.55492,35.34734,35.42873,35.1072,35.40498
1589410,35.32544,35.46986,35.54419,35.35227,35.42421,35.11085,35.40074
1590940,35.3235,35.47037,35.5391,35.35503,35.42001,35.11641,35.3922
1592480,35.33126,35.46117,35.54778,35.34609,35.42671,35.10559,35.40312
1594010,35.31917,35.46746,35.53777,35.35132,35.42255,35.10922,35.39933
1595540,35.31621,35.46853,35.53215,35.35452,35.4179,35.11514,35.39085
1597170,35.31137,35.46926,35.52812,35.35428,35.41706,35.11392,35.39183
1598810,35.31247,35.4651,35.53237,35.35012,35.4202,35.1078,35.39807
1600340,35.30943,35.46627,35.52724,35.3534,35.41557,35.11389,35.38893
1601870,35.31804,35.45659,35.53714,35.34462,35.42201,35.10362,35.39942
1603510,35.31257,35.45985,35.52985,35.34913,35.41784,35.10901,35.39251
1605140,35.30427,35.46427,35.52128,35.3534,35.4139,35.11293,35.38805
1607370,35.29977,35.46476,35.51684,35.35352,35.4133,35.11137,35.38945
1609000,35.3025,35.46054,35.52031,35.34907,35.41665,35.10556,35.39577
1610630,35.30752,35.4549,35.52549,35.34452,35.41939,35.10124,35.39975
1612270,35.30811,35.45337,35.52572,35.34464,35.41866,35.10218,35.39698
1613900,35.30237,35.4565,35.51692,35.34883,35.41397,35.10766,35.3895
1615530,35.29539,35.46078,35.50865,35.35238,35.41005,35.11113,35.38512
1617160,35.29208,35.46073,35.50657,35.35154,35.41028,35.10875,35.38667
1618800,35.29608,35.45448,35.50997,35.34583,35.41339,35.10185,35.39226
1620830,35.30262,35.44705,35.51258,35.34079,35.4154,35.0968,35.3949
1622260,35.30338,35.4453,35.51188,35.34004,35.41423,35.09638,35.39118
1623690,35.29826,35.44796,35.50416,35.34409,35.40955,35.09991,35.38345
1625130,35.29152,35.45205,35.49686,35.34752,35.406,35.10077,35.37925
1627260,35.30226,35.44171,35.50663,35.3382,35.4119,35.08726,35.38765
1628690,35.29784,35.4446,35.49886,35.34214,35.40729,35.08993,35.38014
1630220,35.30066,35.44006,35.50317,35.33654,35.41138,35.07813,35.38815
1631760,35.28982,35.4482,35.4896,35.34436,35.40391,35.08307,35.37637
1633290,35.2986,35.44182,35.49523,35.34098,35.40595,35.07701,35.37571
1634820,35.30169,35.43837,35.5002,35.33625,35.41075,35.06426,35.3832
1636350,35.29051,35.4465,35.48603,35.34437,35.40295,35.06798,35.37068
1637890,35.29806,35.44057,35.49115,35.34077,35.40398,35.06109,35.36654
1639520,35.29024,35.44436,35.4841,35.34362,35.4001,35.05848,35.35957
1641050,35.3013,35.43439,35.4958,35.3353,35.40642,35.04515,35.3661
1642580,35.29259,35.43927,35.48901,35.33787,35.40404,35.04155,35.36203
1644220,35.298,35.43366,35.49395,35.33327,35.4056,35.03415,35.36078
1646450,35.2988,35.43287,35.49318,35.33404,35.40383,35.03239,35.35095
1648080,35.29225,35.43684,35.48642,35.33838,35.39898,35.03527,35.33961
1649610,35.29546,35.43146,35.49218,35.33209,35.40367,35.02548,35.34697
1651150,35.28284,35.43923,35.47815,35.33929,35.39634,35.03336,35.33529
1652780,35.2879,35.43417,35.48423,35.33424,35.4,35.02682,35.33899
1654410,35.29386,35.42881,35.48951,35.33068,35.40221,35.02336,35.33932
1656040,35.29433,35.42836,35.4892,35.33167,35.40069,35.02507,35.33231
1657680,35.28796,35.43215,35.48264,35.33611,35.39607,35.03026,35.32335
1659310,35.28073,35.43574,35.47665,35.33922,35.39299,35.03302,35.31863
1660940,35.27869,35.43514,35.47746,35.33774,35.39426,35.02953,35.32054
1662570,35.28319,35.42934,35.48425,35.33268,35.39776,35.02346,35.32525
1664210,35.28856,35.42427,35.48983,35.32951,35.39974,35.02077,35.32558
1666540,35.27452,35.43196,35.47786,35.33633,35.39273,35.02855,35.31547
1668170,35.27909,35.42543,35.48379,35.33037,35.39582,35.02302,35.32166
1669810,35.28422,35.41975,35.4881,35.32666,35.39707,35.02116,35.3232
1671840,35.28353,35.41927,35.4858,35.32793,35.39446,35.02485,35.31742
1673270,35.27664,35.42346,35.47862,35.33265,35.39016,35.03052,35.3101
1674700,35.26959,35.42676,35.47293,35.33515,35.38759,35.03277,35.30802
1676140,35.26829,35.42511,35.47331,35.33295,35.38895,35.02924,35.31242
1677670,35.2737,35.42081,35.4759,35.33159,35.38853,35.03067,35.30956
1679200,35.27812,35.41425,35.4827,35.32486,35.39411,35.02169,35.32065
1680730,35.26447,35.42285,35.46892,35.33224,35.38769,35.0289,35.31064
1682270,35.26818,35.4185,35.47026,35.33065,35.38698,35.02982,35.30734
1683800,35.2725,35.41197,35.47665,35.32364,35.39227,35.0207,35.319
1685930,35.25916,35.41974,35.46243,35.33047,35.38544,35.02949,35.3116
1687460,35.26434,35.4156,35.46412,35.32893,35.38494,35.0314,35.30986
1688990,35.26857,35.41016,35.47073,35.32212,35.39074,35.02269,35.32146
1690530,35.25533,35.41859,35.45686,35.32903,35.38367,35.03115,35.31324
1692060,35.26045,35.41291,35.45793,35.32618,35.38291,35.03312,35.31151
1693590,35.26494,35.4064,35.4641,35.31891,35.3881,35.02508,35.32333
1695220,35.26504,35.40594,35.46142,35.31976,35.38574,35.02977,35.32005
1696760,35.25816,35.40909,35.45665,35.32093,35.38512,35.02943,35.32295
1698290,35.25194,35.41341,35.4471,35.3266,35.3783,35.03878,35.31198
1699820,35.26322,35.40326,35.45768,35.31847,35.38373,35.0314,35.32106
1701450,35.2567,35.40699,35.44971,35.32271,35.37887,35.03785,35.31482
1703090,35.2501,35.40979,35.44339,35.3249,35.37585,35.04013,35.31306
1705320,35.24835,35.40814,35.44344,35.32263,35.37692,35.03673,35.31748
1706950,35.25327,35.40222,35.44879,35.31716,35.38054,35.0315,35.32472
1708580,35.25851,35.39722,35.45214,35.31363,35.38155,35.03025,35.32727
1710210,35.25782,35.39659,35.44858,35.31443,35.37863,35.03444,35.32314
1711850,35.25131,35.40051,35.43993,35.31865,35.37383,35.04086,35.31736
1713580,35.25573,35.3946,35.44615,35.31144,35.37925,35.03243,35.32903
1715210,35.25511,35.39373,35.44236,35.31191,35.37629,35.03647,35.32492
1716840,35.24863,35.39776,35.43311,35.31614,35.37124,35.04294,35.31884
1718480,35.24169,35.40108,35.4255,35.31811,35.36818,35.04595,35.31736
1720510,35.24054,35.39999,35.42331,35.31606,35.36918,35.04356,35.32256
1722040,35.2464,35.39506,35.42416,35.31318,35.36834,35.04499,35.32046
1723570,35.25109,35.38903,35.42923,35.30656,35.37376,35.03745,35.33268
1725700,35.23951,35.39732,35.41317,35.31342,35.36668,35.04721,35.32477
1727240,35.24539,35.39217,35.4131,35.31037,35.36548,35.04846,35.32286
1728670,35.23849,35.39595,35.40351,35.31283,35.36245,35.05113,35.32076
1730200,35.24943,35.38618,35.40973,35.30383,35.36802,35.04311,35.33028
1731730,35.24185,35.38998,35.39806,35.30489,35.36622,35.04349,35.33237
1733260,35.23726,35.3937,35.38288,35.31031,35.35959,35.05289,35.32213
1734800,35.24868,35.38354,35.3851,35.3014,35.36519,35.04487,35.33155
1736330,35.24055,35.38703,35.36835,35.30298,35.36313,35.04573,35.33295
1737860,35.23618,35.39085,35.34702,35.30799,35.3567,35.0548,35.32263
1739400,35.24754,35.38043,35.34477,35.29864,35.36227,35.047,35.33191
1740930,35.23995,35.38399,35.32352,35.29982,35.36034,35.0477,35.33346
1742460,35.2357,35.38761,35.29693,35.30478,35.35378,35.05714,35.3231
1744690,35.23434,35.38601,35.26727,35.30216,35.35349,35.05552,35.32705
1746320,35.23924,35.38081,35.24492,35.29687,35.35674,35.05051,35.33391
1747960,35.24505,35.37515,35.22232,35.29203,35.3582,35.04812,35.33651
1749590,35.24603,35.37369,35.19377,35.29196,35.35538,35.05155,35.33246
1751120,35.23851,35.37738,35.16002,35.29313,35.3535,35.05166,35.33407
1752660,35.2338,35.38155,35.12555,35.29804,35.34662,35.06096,35.32351
1754290,35.2323,35.38126,35.09507,35.29647,35.34752,35.05826,35.32792
1755920,35.23686,35.37592,35.07198,35.29037,35.35051,35.05267,35.33432
1757550,35.24268,35.3708,35.05585,35.2862,35.35145,35.05043,35.33681
1759190,35.2436,35.37062,35.0398,35.28651,35.34883,35.05423,35.33285
1760820,35.23765,35.37624,35.0224,35.29019,35.34379,35.06052,35.32636
1762450,35.23132,35.38083,35.01049,35.29254,35.34044,35.06348,35.32417
1764690,35.22927,35.38002,35.00733,35.28928,35.34065,35.0601,35.32832
1766320,35.23463,35.37392,35.01738,35.28288,35.34311,35.05429,35.33408
1767950,35.24074,35.36871,35.02835,35.27838,35.34391,35.05217,35.33577
1769980,35.24064,35.36817,35.0357,35.278,35.34024,35.05558,35.33006
1771420,35.23408,35.37267,35.03428,35.28229,35.33533,35.06144,35.32356
1772850,35.22729,35.37656,35.0361,35.28444,35.33282,35.06367,35.32136
1774280,35.22662,35.37478,35.04775,35.2807,35.33355,35.05975,35.32478
1775710,35.23243,35.36934,35.06438,35.27492,35.33678,35.05435,35.33132
1777150,35.23785,35.36479,35.07926,35.27065,35.33762,35.05236,35.33267
1778680,35.22576,35.37299,35.07849,35.27697,35.33062,35.05952,35.32423
1780110,35.23148,35.36736,35.09417,35.27143,35.33385,35.05391,35.33088
1781650,35.22403,35.37241,35.09455,35.27727,35.32652,35.06322,35.31849
1783780,35.23509,35.36139,35.12023,35.26788,35.33053,35.05506,35.32571
1785310,35.22973,35.36379,35.12794,35.26769,35.33039,35.05341,35.32892
1786840,35.22341,35.36874,35.12949,35.27364,35.32354,35.06282,35.3172
1788370,35.2341,35.35888,35.15149,35.2648,35.32842,35.05484,35.32503
1789910,35.22703,35.36107,35.15878,35.26403,35.32729,35.05262,35.32761
1791540,35.23219,35.35607,35.17477,35.25964,35.32793,35.05034,35.32801
1793170,35.23203,35.35561,35.18367,35.2598,35.32459,35.05355,35.32239
1794800,35.22517,35.3598,35.18676,35.26291,35.31934,35.05866,35.31499
1796440,35.21871,35.36317,35.19156,35.26423,35.31603,35.06015,35.31214
1797970,35.22974,35.35383,35.21062,35.25564,35.32082,35.05212,35.32029
1799600,35.22251,35.35807,35.21142,35.259,35.31552,35.05728,35.31296
1801230,35.21604,35.36139,35.21361,35.2606,35.31252,35.05897,35.31025
1803560,35.22681,35.35144,35.23472,35.25135,35.31733,35.05069,35.31779
1805200,35.22036,35.35571,35.23358,35.25534,35.31265,35.05617,35.31092
1806830,35.21316,35.35999,35.23362,35.25823,35.31039,35.05869,35.30896
1808460,35.21194,35.35877,35.23955,35.25508,35.31113,35.0547,35.31177
1810090,35.21768,35.3528,35.25073,35.24821,35.31396,35.04827,35.31694
1811730,35.22301,35.34723,35.25953,35.24311,35.31476,35.04522,35.31771
1813360,35.22248,35.34666,35.26067,35.24319,35.3115,35.04791,35.31204
1814990,35.21424,35.35104,35.25462,35.24706,35.30651,35.05337,35.30527
1816620,35.20567,35.3544,35.25045,35.24821,35.30357,35.0547,35.30255
1818650,35.20326,35.3523,35.25275,35.24503,35.30451,35.05042,35.30646
1820090,35.20826,35.34628,35.26016,35.23888,35.30777,35.04401,35.31168
1821520,35.21437,35.34128,35.26566,35.23465,35.30917,35.04169,35.31227
1823650,35.20142,35.34787,35.25346,35.23528,35.30069,35.04781,35.2976
1825080,35.20684,35.33964,35.26144,35.22594,35.30203,35.04012,35.30076
1826520,35.21258,35.33318,35.26541,35.22025,35.30212,35.03611,35.30003
1828050,35.2002,35.34045,35.25101,35.22418,35.29443,35.04221,35.28964
1829480,35.20662,35.33463,35.25701,35.21893,35.29735,35.03593,35.29481
1831010,35.20113,35.34094,35.24686,35.22643,35.29032,35.04578,35.28363
1832550,35.21317,35.33251,35.25724,35.21972,35.29581,35.03843,35.29223
1834080,35.20823,35.33586,35.25378,35.22066,35.29616,35.03652,35.29627
1835610,35.20155,35.34253,35.24329,35.22822,35.28964,35.04656,35.28517
1837240,35.2013,35.3416,35.24419,35.22591,35.29134,35.04246,35.28951
1838780,35.2068,35.3385,35.24562,35.22504,35.29,35.04395,35.2847
1840310,35.21231,35.33271,35.25251,35.218,35.29593,35.03432,35.29618
1842540,35.2109,35.33377,35.24754,35.21915,35.29248,35.03772,35.28922
1844080,35.20597,35.33599,35.24462,35.21848,35.29312,35.03424,35.29298
1845610,35.1981,35.34252,35.23312,35.2248,35.28582,35.0438,35.27969
1847140,35.20923,35.33382,35.24266,35.21714,35.29039,35.03639,35.28571
1848670,35.20464,35.33542,35.24049,35.21583,35.29163,35.03263,35.2908
1850300,35.20807,35.33183,35.24276,35.21262,35.29195,35.03085,35.28929
1851940,35.20685,35.33317,35.23824,35.21355,35.28789,35.03444,35.28047
1853470,35.20305,35.33459,35.23677,35.21124,35.28882,35.03017,35.28503
1855100,35.20742,35.33117,35.23939,35.20861,35.28923,35.02853,35.28493
1856840,35.19587,35.33926,35.22852,35.21405,35.28363,35.03384,35.27807
1858470,35.20172,35.33384,35.23464,35.20871,35.28723,35.02754,35.28371
1860100,35.20505,35.32994,35.23736,35.20455,35.28668,35.02535,35.28011
1862330,35.2022,35.33163,35.23428,35.2059,35.28178,35.02897,35.27182
1863970,35.19524,35.33642,35.22882,35.20922,35.27676,35.03304,35.26375
1865600,35.19115,35.33869,35.22813,35.20958,35.27551,35.03213,35.26437
1867530,35.20077,35.33168,35.23903,35.20351,35.27922,35.02668,35.26767
1868960,35.19395,35.33673,35.2343,35.20758,35.27497,35.03071,35.26174
1870400,35.19031,35.33821,35.23542,35.20734,35.27406,35.02882,35.26191
1871930,35.20024,35.33162,35.24742,35.20225,35.27756,35.02456,35.26512
1873360,35.19371,35.33695,35.24348,35.20683,35.27368,35.02848,35.26012
1874800,35.19083,35.33873,35.2442,35.20695,35.27342,35.02671,35.26147
1876230,35.1944,35.33492,35.25234,35.20201,35.27693,35.02001,35.26716
1877760,35.19272,35.33668,35.25077,35.20506,35.27184,35.02541,35.2569
1879290,35.20243,35.32741,35.26642,35.19531,35.27813,35.01408,35.26648
1881430,35.1922,35.3325,35.26334,35.19758,35.27372,35.01416,35.26241
1882960,35.1894,35.33494,35.26139,35.20113,35.26788,35.02004,35.25197
1884490,35.19971,35.32523,35.27718,35.19173,35.27416,35.00946,35.2608
1886020,35.18966,35.32986,35.27318,35.19347,35.27078,35.0092,35.25795
1887560,35.18624,35.33337,35.2707,35.1981,35.26523,35.01581,35.24721
1889090,35.19724,35.32405,35.28638,35.18928,35.27166,35.00601,35.25703
1890620,35.18923,35.3293,35.2838,35.19186,35.2694,35.00578,35.25728
1892150,35.18543,35.33355,35.2798,35.19753,35.26355,35.01308,35.24708
1893690,35.19633,35.32379,35.2946,35.18849,35.26944,35.0032,35.25515
1895220,35.18805,35.32821,35.29174,35.19041,35.2674,35.00194,35.2556
1896850,35.19349,35.32284,35.29962,35.18639,35.26857,34.99725,35.25667
1898380,35.18036,35.33066,35.28885,35.19286,35.26083,35.0028,35.24495
1900620,35.18459,35.32458,35.29726,35.18723,35.2636,34.99472,35.2506
1902150,35.17884,35.32992,35.29058,35.1931,35.25675,35.00242,35.23869
1903780,35.17751,35.32837,35.29318,35.19047,35.25773,34.997,35.24161
1905410,35.18249,35.32272,35.30104,35.1846,35.26063,34.98952,35.24698
1907050,35.18797,35.31845,35.30661,35.18168,35.26159,34.98641,35.24809
1908680,35.18733,35.31912,35.30485,35.18388,35.25813,34.98911,35.24231
1910310,35.18113,35.32434,35.29842,35.18903,35.25335,34.99365,35.23526
1911940,35.17502,35.32765,35.29444,35.19088,35.25088,34.99353,35.23255
1913580,35.17457,35.32524,35.29703,35.18729,35.25255,34.98715,35.2364
1915610,35.1796,35.31884,35.30399,35.18069,35.25507,34.97914,35.2405
1917040,35.18355,35.31486,35.30727,35.17833,35.25529,34.97662,35.24006
1918470,35.18168,35.31653,35.30375,35.18105,35.25124,34.98047,35.23268
1920610,35.17801,35.31635,35.30366,35.17808,35.25213,34.9737,35.23668
1922140,35.16839,35.32296,35.2925,35.18472,35.24339,34.98232,35.22326
1923670,35.17762,35.3143,35.30146,35.17773,35.24643,34.97527,35.22621
1925110,35.16944,35.31844,35.29346,35.18143,35.24089,34.97861,35.21907
1926710,35.17805,35.3098,35.30447,35.17238,35.24726,34.96693,35.23008
1928270,35.17442,35.31216,35.29932,35.17505,35.24193,34.97082,35.22131
1929800,35.17266,35.30969,35.30195,35.17033,35.24411,34.96323,35.2275
1931340,35.16234,35.31751,35.29053,35.17815,35.23562,34.97211,35.21517
1932870,35.17076,35.31015,35.29875,35.17182,35.23796,34.96712,35.21605
1934400,35.17065,35.30745,35.30278,35.16724,35.2405,34.95895,35.2233
1935930,35.1599,35.31544,35.29079,35.17461,35.23131,34.96741,35.21091
1937460,35.16727,35.30747,35.29872,35.16781,35.23211,34.96215,35.21084
1939700,35.15913,35.31155,35.29236,35.17048,35.22573,34.96427,35.20517
1941230,35.16926,35.30164,35.30473,35.16008,35.23066,34.95257,35.21373
1942760,35.15877,35.30663,35.29584,35.16268,35.22622,34.9534,35.21147
1944300,35.15671,35.30984,35.29094,35.16695,35.22036,34.96008,35.2022
1945930,35.1544,35.30978,35.29072,35.16459,35.2194,34.95628,35.20389
1947460,35.1607,35.30347,35.296,35.1602,35.21834,34.95405,35.20239
1948990,35.16451,35.2984,35.30386,35.15404,35.2218,34.94444,35.21264
1950530,35.1517,35.30639,35.29174,35.1596,35.21246,34.95069,35.20075
1952160,35.15472,35.29888,35.29778,35.15273,35.21275,34.94239,35.20588
1953790,35.15935,35.29192,35.30351,35.14868,35.21243,34.93743,35.20595
1955420,35.15722,35.29009,35.30141,35.14881,35.20882,34.93848,35.19958
1957060,35.15026,35.29373,35.29459,35.15252,35.20215,34.94307,35.19166
1959390,35.15465,35.28615,35.30479,35.14477,35.20454,34.93165,35.20133
1961020,35.15445,35.28634,35.30429,35.14689,35.20028,34.93466,35.19634
1962650,35.14899,35.29138,35.29863,35.15107,35.19378,34.93967,35.18869
1964290,35.1422,35.29432,35.29543,35.15254,35.19,34.94017,35.18676
1966320,35.14399,35.29238,35.29992,35.1491,35.18983,34.93425,35.19212
1967850,35.147,35.28994,35.30126,35.1492,35.18588,34.93657,35.18578
1969280,35.14123,35.29236,35.29826,35.15077,35.18351,34.93647,35.1845
1970720,35.14256,35.29014,35.30176,35.14521,35.18572,34.93089,35.18918
1972220,35.14685,35.28363,35.30536,35.14105,35.18478,34.92971,35.18517
1973660,35.1396,35.28868,35.29836,35.14435,35.17941,34.93261,35.17875
1975190,35.14941,35.27987,35.31039,35.13479,35.18499,34.92167,35.18904
1976720,35.14085,35.28624,35.30267,35.13815,35.18011,34.92345,35.18674
1978850,35.13983,35.28946,35.29861,35.14208,35.17295,34.92949,35.17727
1980390,35.14966,35.27956,35.31001,35.13214,35.1783,34.91835,35.1855
1981920,35.13996,35.28491,35.3017,35.13486,35.17472,34.91894,35.18327
1983450,35.13709,35.28824,35.29613,35.13919,35.16911,34.92556,35.17359
1984980,35.14846,35.27947,35.30939,35.1306,35.17522,34.91564,35.18358
1986510,35.13973,35.28465,35.3029,35.13267,35.17186,34.91516,35.18099
1988050,35.1348,35.28786,35.29594,35.13674,35.16564,34.92139,35.16966
1989580,35.14573,35.27882,35.30759,35.12743,35.17104,34.91175,35.17859
1991110,35.13756,35.28385,35.30186,35.1284,35.16925,34.91009,35.17883
1992650,35.13226,35.28946,35.29386,35.1333,35.1622,34.91747,35.1667
1994180,35.14307,35.28163,35.30463,35.12468,35.16721,34.90858,35.17443
1995810,35.13731,35.28873,35.29786,35.12908,35.16221,34.91377,35.16755
1998040,35.13178,35.29394,35.29265,35.13083,35.1594,34.91427,35.16472
1999680,35.13163,35.29363,35.29395,35.12766,35.16124,34.90923,35.1693
2001310,35.13789,35.28945,35.29988,35.12193,35.16501,34.90285,35.17558
2002940,35.14364,35.28681,35.30316,35.11925,35.1656,34.90077,35.17643
2004580,35.14292,35.28885,35.29959,35.12089,35.16156,34.90431,35.16988
2006210,35.13522,35.29426,35.29078,35.12372,35.15557,34.90798,35.16085
2007840,35.12864,35.29729,35.28425,35.12314,35.15319,34.90717,35.15862
2009470,35.12891,35.29462,35.28591,35.11768,35.15509,34.90036,35.16279
2011110,35.13513,35.28903,35.29292,35.11248,35.15782,34.89358,35.16839
2012740,35.13936,35.28668,35.29573,35.11081,35.15751,34.8922,35.16706
2014870,35.12872,35.29332,35.28633,35.11634,35.15157,34.89546,35.16191
2016300,35.13557,35.28794,35.2929,35.11187,35.15505,34.8893,35.16717
2018430,35.12667,35.29606,35.28114,35.12035,35.14713,34.89817,35.15527
2019970,35.13708,35.28901,35.28954,35.11478,35.15046,34.89281,35.15944
2021400,35.12986,35.29367,35.28134,35.11851,35.1455,34.89588,35.15284
2022930,35.1388,35.2843,35.29144,35.10901,35.15192,34.88432,35.16322
2024460,35.12908,35.29088,35.28187,35.11284,35.14792,34.88635,35.15966
2026000,35.12755,35.29246,35.27598,35.1157,35.14288,34.89145,35.14971
2027530,35.13682,35.28303,35.28581,35.10633,35.14953,34.88064,35.15933
2029060,35.12809,35.28945,35.27742,35.1095,35.14658,34.88163,35.15741
2030590,35.12529,35.29282,35.27047,35.11334,35.14163,34.88781,35.14737
2032130,35.13612,35.28429,35.28176,35.10483,35.1482,34.87769,35.1574
2033660,35.12819,35.29013,35.27454,35.108,35.14597,34.87777,35.15646
2035290,35.13402,35.28477,35.27911,35.10326,35.14808,34.87231,35.15804
2037420,35.1202,35.2924,35.26426,35.10977,35.14028,34.87768,35.14611
2038960,35.12637,35.28663,35.26862,35.1062,35.14081,34.87527,35.14312
2040490,35.12883,35.28055,35.27431,35.09903,35.14581,34.86454,35.15189
2042120,35.12859,35.2807,35.27234,35.09953,35.14403,34.86592,35.1469
2043650,35.12184,35.28491,35.26814,35.10083,35.14358,34.86397,35.14818
2045190,35.11538,35.2897,35.2584,35.10609,35.13731,34.87109,35.13574
2046820,35.11504,35.28903,35.25942,35.10392,35.13927,34.86625,35.14024
2048450,35.12084,35.28341,35.26538,35.09816,35.14307,34.85912,35.14587
2050180,35.11349,35.28912,35.25492,35.10343,35.13643,34.86639,35.13292
2051820,35.11354,35.28867,35.25612,35.10018,35.13842,34.86073,35.13757
2053450,35.11876,35.28537,35.2616,35.0939,35.1422,34.85355,35.14318
2055080,35.12438,35.28339,35.26537,35.09193,35.14311,34.85163,35.14382
2057410,35.11289,35.29161,35.25419,35.09739,35.13739,34.85569,35.13639
2059050,35.1196,35.28636,35.26052,35.09238,35.14137,34.8491,35.14229
2060680,35.12395,35.28401,35.26281,35.09073,35.14173,34.84802,35.14118
2062310,35.12067,35.28669,35.25735,35.09483,35.13813,34.85245,35.13434
2064450,35.12074,35.28548,35.25968,35.0916,35.1412,34.8455,35.14159
2065880,35.12271,35.28247,35.26009,35.08991,35.14087,34.84472,35.13825
2067310,35.11763,35.28539,35.25301,35.09353,35.13657,34.84934,35.13043
2068740,35.11117,35.29032,35.24624,35.0978,35.13328,34.8528,35.12604
2070180,35.10894,35.29135,35.24471,35.09771,35.13438,34.85082,35.12845
2071710,35.11737,35.28486,35.2515,35.0938,35.13665,34.84791,35.12921
2073140,35.11089,35.28961,35.24487,35.09778,35.13367,34.85093,35.1249
2074580,35.1081,35.28951,35.24326,35.09645,35.1344,34.84772,35.12667
2076710,35.11483,35.28301,35.24738,35.09223,35.13609,34.84564,35.12578
2078240,35.11758,35.27839,35.25205,35.08594,35.14152,34.83717,35.13518
2079770,35.10575,35.28748,35.23879,35.09361,35.13505,34.84508,35.12482
2081300,35.11301,35.2825,35.24321,35.09071,35.13587,34.84444,35.12241
2082840,35.1151,35.27598,35.2479,35.08194,35.14058,34.83436,35.13047
2084370,35.10087,35.28434,35.23371,35.08788,35.13366,34.84119,35.11968
2085900,35.10684,35.27999,35.23708,35.0854,35.13386,34.84164,35.11692
2087530,35.10005,35.28415,35.23095,35.08721,35.13147,34.84327,35.11332
2089070,35.11061,35.2748,35.24118,35.07916,35.13712,34.83546,35.12099
2090700,35.10499,35.28072,35.23482,35.08415,35.13339,34.84171,35.11427
2092330,35.09881,35.28488,35.22933,35.08634,35.1316,34.84318,35.11173
2093870,35.10957,35.27651,35.23896,35.07884,35.13661,34.83606,35.11877
2096100,35.10281,35.28214,35.23102,35.08311,35.13203,34.8416,35.11143
2097730,35.09784,35.28581,35.22674,35.08511,35.13065,34.84266,35.11058
2099460,35.10874,35.27744,35.236,35.07769,35.13456,34.83605,35.1155
2101100,35.09993,35.28263,35.22663,35.08116,35.12937,34.84058,35.10746
2102730,35.09523,35.28522,35.22345,35.08146,35.12748,34.84042,35.10679
2104360,35.09767,35.28257,35.22765,35.07803,35.13074,34.83495,35.11299
2105990,35.10433,35.27678,35.23447,35.07302,35.13424,34.82937,35.118
2107600,35.09506,35.28475,35.22263,35.08147,35.12671,34.83929,35.10575
2109260,35.1051,35.27776,35.23092,35.07608,35.13021,34.83467,35.10925
2110890,35.09772,35.28246,35.22272,35.07975,35.12555,34.83884,35.10337
2112920,35.09416,35.28385,35.22033,35.07999,35.12527,34.83752,35.10466
2114460,35.10214,35.27668,35.22668,35.07386,35.12729,34.83366,35.10548
2116590,35.10288,35.2739,35.23021,35.06912,35.13062,34.82623,35.11342
2118020,35.10526,35.27273,35.23104,35.06898,35.12954,34.82753,35.11034
2119550,35.0966,35.27874,35.22341,35.07272,35.12673,34.82938,35.10895
2120980,35.10302,35.27328,35.22934,35.06805,35.12887,34.82522,35.11204
2122520,35.0915,35.28214,35.21587,35.07554,35.12094,34.83347,35.10113
2123950,35.09586,35.27705,35.22154,35.07015,35.12432,34.82688,35.10754
2125480,35.09174,35.2808,35.21426,35.07509,35.11823,34.83421,35.09638
2127010,35.10243,35.27098,35.22533,35.0657,35.12358,34.82484,35.10498
2128550,35.09441,35.27537,35.2196,35.06751,35.12171,34.82442,35.10563
2130080,35.08933,35.27981,35.21165,35.07262,35.11515,34.83215,35.09413
2131610,35.10025,35.27026,35.22221,35.06361,35.12047,34.82343,35.10193
2133150,35.09201,35.27426,35.21719,35.06419,35.11935,34.82166,35.10369
2135380,35.09876,35.27063,35.22276,35.06095,35.12038,34.81941,35.10587
2136910,35.08625,35.2788,35.21108,35.06722,35.11302,34.82544,35.09639
2138440,35.09022,35.27478,35.21245,35.06561,35.11126,34.82645,35.09181
2139980,35.09607,35.2682,35.22142,35.05838,35.11705,34.81633,35.1033
2141510,35.08417,35.27637,35.21042,35.06467,35.11079,34.82226,35.09525
2143140,35.09008,35.27062,35.21708,35.05951,35.1141,34.81593,35.10161
2144680,35.08266,35.27721,35.20744,35.06631,35.10639,34.82525,35.08901
2146310,35.08303,35.27421,35.21033,35.06221,35.10871,34.81918,35.09435
2147940,35.08863,35.26805,35.21679,35.05625,35.11195,34.81292,35.09978
2149570,35.09176,35.2645,35.21853,35.05355,35.11185,34.81139,35.09858
2151200,35.08839,35.26644,35.21331,35.05643,35.10783,34.81557,35.09151
2152940,35.08629,35.26604,35.2141,35.05367,35.1101,34.80995,35.09808
2155170,35.08898,35.26288,35.21518,35.05137,35.10956,34.8086,35.09642
2156800,35.08523,35.26525,35.20959,35.05443,35.1053,34.81315,35.08881
2158430,35.07757,35.27031,35.20168,35.05817,35.10054,34.81706,35.08269
2160070,35.07293,35.27171,35.19886,35.05821,35.09964,34.81559,35.08348
2162100,35.07576,35.26817,35.2038,35.05351,35.10287,34.80903,35.08946
2163530,35.08082,35.26214,35.20915,35.04781,35.10562,34.80352,35.09327
2164960,35.08223,35.26021,35.20953,35.04644,35.10487,34.80382,35.09085
2166500,35.07277,35.26695,35.20159,35.05121,35.10174,34.80664,35.08861
2167930,35.07878,35.26124,35.20754,35.04565,35.10462,34.80154,35.09198
2169460,35.06694,35.27004,35.1946,35.05375,35.09699,34.81009,35.08081
2170990,35.07521,35.26424,35.2017,35.0497,35.09949,34.80784,35.08209
2172430,35.06794,35.26912,35.19462,35.05295,35.09594,34.81087,35.07733
2174660,35.06369,35.26951,35.19248,35.0509,35.0956,34.80736,35.0793
2176190,35.0709,35.26383,35.19808,35.04715,35.09687,34.80537,35.07905
2177720,35.07364,35.25956,35.20392,35.04099,35.10126,34.79654,35.0882
2179260,35.06187,35.26853,35.19143,35.04882,35.09384,34.80428,35.07801
2180790,35.06829,35.26283,35.196,35.04541,35.09412,34.80274,35.07602
2182420,35.06052,35.26689,35.18938,35.04781,35.09082,34.80451,35.0722
2183950,35.07104,35.25683,35.20102,35.03914,35.09679,34.79539,35.08074
2185490,35.0632,35.26096,35.19609,35.04072,35.0956,34.79427,35.08155
2187020,35.05758,35.26552,35.18815,35.04655,35.08936,34.80221,35.06995
2188550,35.06889,35.25602,35.19978,35.03839,35.09499,34.7936,35.07759
2190080,35.06097,35.25856,35.19561,35.03808,35.09422,34.79115,35.07899
2191620,35.05274,35.26295,35.18589,35.04325,35.08738,34.79892,35.06604
2193950,35.06147,35.25262,35.19603,35.03425,35.09238,34.79023,35.07233
2195480,35.05443,35.25434,35.19283,35.03326,35.09244,34.78683,35.07532
2197110,35.05922,35.25024,35.19741,35.0309,35.09397,34.78484,35.07566
2198750,35.0573,35.25118,35.19434,35.03286,35.09066,34.78828,35.0686
2200380,35.04879,35.25555,35.18597,35.03663,35.08591,34.79263,35.06067
2202010,35.0428,35.25818,35.18185,35.0378,35.08426,34.79256,35.0591
2203640,35.04279,35.25493,35.18423,35.03304,35.08681,34.78638,35.06438
2205280,35.04869,35.24873,35.19071,35.02787,35.0903,34.78015,35.06936
2207010,35.03929,35.25612,35.17919,35.03519,35.08247,34.78901,35.05587
2208740,35.04766,35.24771,35.18682,35.02841,35.0858,34.78325,35.05951
2210780,35.03961,35.25275,35.17902,35.03253,35.08115,34.78707,35.05243
2212210,35.03529,35.25385,35.17629,35.03222,35.08065,34.78534,35.05336
2214340,35.0434,35.24679,35.18402,35.02723,35.0833,34.78123,35.05418
2215870,35.04359,35.24336,35.18777,35.02181,35.08681,34.77348,35.06178
2217310,35.04377,35.24074,35.18739,35.02074,35.08541,34.774,35.05812
2218740,35.03838,35.24466,35.18072,35.02493,35.08086,34.77928,35.04999
2220170,35.0316,35.24906,35.17413,35.02812,35.07727,34.78187,35.04557
2221710,35.04187,35.23901,35.18604,35.01955,35.08361,34.77262,35.05426
2223240,35.03404,35.24369,35.18048,35.02184,35.08185,34.77238,35.05397
2224770,35.0287,35.24729,35.17237,35.02628,35.07561,34.7795,35.04208
2226300,35.0386,35.23673,35.18298,35.01709,35.08121,34.77057,35.05028
2227840,35.03047,35.24025,35.17771,35.01775,35.08017,34.76928,35.0514
2229370,35.0239,35.24506,35.16825,35.02275,35.07375,34.77716,35.03913
2230900,35.03514,35.23605,35.17938,35.01476,35.07926,34.76931,35.04654
2233130,35.02805,35.24088,35.17165,35.01892,35.07431,34.77438,35.0385
2234770,35.02149,35.24436,35.16676,35.02031,35.07218,34.7755,35.03642
2236300,35.03195,35.2352,35.17739,35.01303,35.07719,34.76846,35.04319
2237930,35.0246,35.24006,35.17016,35.01708,35.07252,34.7733,35.03581
2239560,35.019,35.24324,35.16677,35.01905,35.07119,34.77402,35.03418
2241200,35.01972,35.24069,35.16994,35.01507,35.07366,34.7686,35.03937
2242900,35.02497,35.23425,35.17643,35.00938,35.07714,34.76302,35.04504
2244460,35.02808,35.23043,35.17869,35.00692,35.07725,34.7618,35.04401
2246090,35.02439,35.23184,35.17359,35.00927,35.07317,34.76624,35.03629
2247730,35.01625,35.23634,35.16563,35.01333,35.06859,34.77053,35.02954
2249360,35.01141,35.23781,35.16244,35.01354,35.06755,34.76955,35.02965
2250990,35.01341,35.23353,35.16582,35.0086,35.07089,34.76363,35.03606
2253220,35.01872,35.22706,35.17082,35.00286,35.07388,34.75878,35.0403
2254850,35.02057,35.22476,35.1711,35.00189,35.07341,34.75969,35.03823
2256590,35.01111,35.23111,35.16297,35.00637,35.07046,34.76258,35.03538
2258320,35.00881,35.2333,35.15754,35.01001,35.06582,34.76912,35.02599
2259950,35.00553,35.23364,35.15495,35.00903,35.06594,34.76698,35.02882
2261980,35.00898,35.22807,35.16015,35.00308,35.0696,34.76089,35.03581
2263420,35.01454,35.22258,35.16525,34.99861,35.07206,34.75734,35.03899
2264850,35.01532,35.22188,35.1646,34.99965,35.07069,34.76004,35.03516
2266280,35.00935,35.22682,35.1581,35.00424,35.06608,34.76595,35.02787
2267820,35.01332,35.22134,35.16479,34.99744,35.07145,34.75699,35.03856
2269250,35.01282,35.2215,35.16301,34.99872,35.06884,34.76046,35.03336
2270780,35.00666,35.22418,35.16001,34.9983,35.06873,34.75826,35.03632
2273010,35.01109,35.2193,35.16479,34.99464,35.06956,34.75616,35.03741
2274450,35.00958,35.21992,35.16222,34.99596,35.06629,34.76003,35.03157
2275980,35.00443,35.22115,35.16102,34.99505,35.0671,34.75679,35.03603
2277510,34.99628,35.22744,35.15147,35.00184,35.06017,34.76672,35.02397
2279040,35.00671,35.21849,35.16245,34.99475,35.06501,34.76022,35.03098
2280580,35.00238,35.21877,35.16176,34.99258,35.06616,34.75615,35.03634
2282110,34.99384,35.22521,35.15211,35.00019,35.05907,34.76605,35.02424
2283640,35.00388,35.21665,35.16184,34.99362,35.06365,34.76023,35.03026
2285270,34.99615,35.22081,35.1537,34.99766,35.05895,34.76502,35.02401
2286900,34.99125,35.22272,35.15111,34.99857,35.05806,34.76526,35.0243
2288540,34.99349,35.21905,35.15521,34.99447,35.06138,34.75974,35.03132
2290170,34.99991,35.21336,35.16229,34.98999,35.06515,34.75474,35.03697
2292400,35.00266,35.20997,35.16263,34.98782,35.06436,34.75459,35.03454
2293940,34.99336,35.21587,35.15382,34.99247,35.06065,34.75774,35.03203
2295570,34.99999,35.21,35.16007,34.98752,35.06385,34.75346,35.03628
2297200,35.00224,35.20798,35.15948,34.98707,35.06301,34.75468,35.03366
2298830,34.99836,35.21208,35.15333,34.99165,35.05869,34.7602,35.0269
2300470,34.99184,35.21685,35.14558,34.99523,35.05501,34.76371,35.02282
2302200,35.0028,35.2067,35.1562,34.98636,35.06136,34.75454,35.03286
2303830,34.99813,35.21093,35.14872,34.99079,35.05655,34.76017,35.02544
2305460,34.99135,35.21504,35.14081,34.99336,35.05331,34.76251,35.02165
2307100,34.99058,35.21454,35.14032,34.99094,35.05437,34.75905,35.02527
2308730,34.9964,35.20881,35.14523,34.98459,35.05798,34.75264,35.03151
2310760,35.00283,35.20368,35.14891,34.9813,35.05946,34.75026,35.03362
2312890,34.99229,35.21225,35.1381,34.98829,35.05333,34.75729,35.02636
2314330,34.99896,35.20671,35.14494,34.98364,35.05742,34.75163,35.03318
2315860,34.99274,35.21291,35.13529,34.99104,35.0508,34.76093,35.0215
2317290,34.99406,35.21129,35.13734,34.98814,35.05342,34.75636,35.02692
2318720,35.00057,35.20505,35.1427,34.98243,35.05684,34.75013,35.03285
2320260,34.99282,35.21096,35.13117,34.9889,35.04932,34.75916,35.02011
2321790,35.0033,35.20188,35.13978,34.98181,35.05336,34.75266,35.0251
2323320,35.0008,35.20103,35.1391,34.97831,35.05505,34.74725,35.03051
2324850,34.99226,35.20837,35.12819,34.9856,35.04692,34.75681,35.01835
2326390,35.0025,35.2002,35.13695,34.9801,35.05076,34.75177,35.02278
2327920,35.00191,35.19888,35.13875,34.97647,35.05355,34.74576,35.02914
2329450,34.99218,35.20606,35.12569,34.98405,35.04563,34.75489,35.01639
2331680,34.99475,35.20118,35.12941,34.97753,35.04775,34.74783,35.02209
2333220,34.9948,35.2032,35.12538,34.98102,35.04417,34.75399,35.01449
2334850,34.99227,35.20442,35.12347,34.98002,35.04374,34.75228,35.01559
2336380,34.99996,35.1967,35.12849,34.97393,35.04543,34.74867,35.01592
2337910,35.00205,35.19328,35.13283,34.96906,35.0492,34.74144,35.02528
2339440,34.99197,35.20253,35.12133,34.97746,35.04157,34.75057,35.01502
2341080,34.9975,35.19781,35.12846,34.97262,35.04499,34.74421,35.02198
2342610,34.99371,35.20061,35.12045,34.97662,35.03897,34.75101,35.00974
2344140,35.00259,35.19035,35.12677,34.96557,35.04427,34.74202,35.01755
2345780,34.99516,35.19451,35.10745,34.96387,35.03556,34.74643,35.00816
2347410,34.98378,35.19475,35.06241,34.94058,35.02501,34.7415,34.99708
2349040,34.97191,35.18626,35.04496,34.92468,35.01615,34.7311,34.99276
2351270,34.95245,35.1754,34.49084,34.91474,35.01421,34.7212,34.98847
2352910,34.66192,35.17388,33.5327,34.89707,35.01478,34.71011,34.9745
2354540,34.3223,35.18274,32.87695,34.87015,35.00984,34.61909,34.83505
2356170,34.12187,35.14402,32.87695,34.75754,34.8532,34.42489,34.61711
2357800,33.82665,34.9636,32.87695,34.51771,34.66161,34.23552,34.42765
2359840,33.28953,34.40358,32.87695,34.06969,34.46264,33.95161,34.11028
2361270,33.11841,33.79426,32.87695,33.69868,34.29696,33.63159,33.84303
2362800,33.11841,33.12738,32.87695,33.23825,34.0535,33.2502,33.5171
2364340,33.11841,32.58348,32.87695,32.71805,33.75778,32.8233,33.17715
2365870,33.11841,32.58348,32.87695,32.2118,33.46684,32.45589,32.82986
2367300,33.11841,32.58348,32.87695,31.77012,33.22174,32.1927,32.48732
2368830,33.11841,32.58348,32.87695,31.31334,32.98201,31.95935,32.12489
2371070,33.11841,32.58348,32.87695,30.72438,32.6521,31.71034,31.61949
2372600,33.11841,32.58348,32.87695,30.42408,32.41701,31.57904,31.28308
