time in ms,channel 0,channel 1,channel 2,channel 3,channel 4,channel 5,channel 6,channel 7
920,4810486,6947884,6545128,6385703,8388607,8388607,8388607,8388607
1029,4807429,6947455,6543433,6382328,8388607,8388607,8388607,8388607
1113,4803262,6945193,6542500,6379653,8388607,8388607,8388607,8388607
1197,4798852,6946004,6541021,6377432,8388607,8388607,8388607,8388607
1292,4796186,6943043,6540238,6373655,8388607,8388607,8388607,8388607
1387,4793408,6944423,6538989,6371647,8388607,8388607,8388607,8388607
1532,4787783,6941588,6536255,6366401,8388607,8388607,8388607,8388607
1657,4786245,6942643,6535610,6364024,8388607,8388607,8388607,8388607
1778,4782524,6944546,6534848,6361849,8388607,8388607,8388607,8388607
1905,4779749,6945793,6533759,6358838,8388607,8388607,8388607,8388607
2029,4777746,6946303,6533652,6357387,8388607,8388607,8388607,8388607
2155,4776403,6945477,6534362,6355495,8388607,8388607,8388607,8388607
2280,4771057,6947139,6533667,6353482,8388607,8388607,8388607,8388607
2413,4769545,6945534,6533837,6351410,8388607,8388607,8388607,8388607
2550,4768271,6947634,6534630,6349894,8388607,8388607,8388607,8388607
2815,4765653,6950746,6535743,6347894,8388607,8388607,8388607,8388607
2947,4763141,6952975,6534575,6346081,8388607,8388607,8388607,8388607
3124,4760799,6954074,6533503,6343506,8388607,8388607,8388607,8388607
3249,4760632,6956283,6533930,6343053,8388607,8388607,8388607,8388607
3379,4758979,6955617,6533756,6341227,8388607,8388607,8388607,8388607
3507,4759054,6958462,6533902,6340642,8388607,8388607,8388607,8388607
3633,4755505,6956720,6534278,6338690,8388607,8388607,8388607,8388607
3766,4754464,6959873,6534650,6338017,8388607,8388607,8388607,8388607
3896,4754975,6959410,6535042,6336715,8388607,8388607,8388607,8388607
4020,4753959,6959753,6535416,6336094,8388607,8388607,8388607,8388607
4145,4752678,6961553,6534949,6334552,8388607,8388607,8388607,8388607
4271,4749720,6960126,6535452,6333433,8388607,8388607,8388607,8388607
4404,4750776,6960935,6535548,6332209,8388607,8388607,8388607,8388607
4531,4749035,6961558,6535536,6330594,8388607,8388607,8388607,8388607
4662,4745733,6963683,6534952,6330278,8388607,8388607,8388607,8388607
4986,4744558,6963925,6536145,6328479,8388607,8388607,8388607,8388607
5128,4745029,6961887,6534730,6326423,8388607,8388607,8388607,8388607
5264,4741575,6962129,6534683,6325599,8388607,8388607,8388607,8388607
5402,4741810,6959431,6534998,6324411,8388607,8388607,8388607,8388607
5533,4740402,6958561,6534797,6323182,8388607,8388607,8388607,8388607
5667,4739653,6960215,6534457,6322921,8388607,8388607,8388607,8388607
5801,4739855,6958611,6535134,6322144,8388607,8388607,8388607,8388607
5943,4737850,6958393,6534425,6321518,8388607,8388607,8388607,8388607
6083,4738421,6955906,6535357,6320741,8388607,8388607,8388607,8388607
6212,4736966,6957009,6535635,6320598,8388607,8388607,8388607,8388607
6346,4736331,6957192,6535708,6320299,8388607,8388607,8388607,8388607
6480,4736930,6954260,6536828,6319179,8388607,8388607,8388607,8388607
6619,4734412,6954987,6536284,6318806,8388607,8388607,8388607,8388607
6808,4734540,6953600,6535362,6317105,8388607,8388607,8388607,8388607
6943,4735965,6951102,6537424,6317559,8388607,8388607,8388607,8388607
7215,4734258,6951214,6539510,6317119,8388607,8388607,8388607,8388607
7350,4733996,6950055,6538119,6315253,8388607,8388607,8388607,8388607
7488,4732749,6948691,6538444,6314332,8388607,8388607,8388607,8388607
7630,4734890,6947672,6538900,6314154,8388607,8388607,8388607,8388607
7765,4732135,6948393,6539181,6313637,8388607,8388607,8388607,8388607
7906,4733985,6946581,6539457,6313022,8388607,8388607,8388607,8388607
8040,4733782,6946074,6539333,6312126,8388607,8388607,8388607,8388607
8173,4733484,6947949,6538107,6312550,8388607,8388607,8388607,8388607
8306,4733354,6945892,6538779,6312225,8388607,8388607,8388607,8388607
8441,4733707,6945645,6538874,6311715,8388607,8388607,8388607,8388607
8580,4733047,6943910,6538450,6311238,8388607,8388607,8388607,8388607
8780,4729997,6943260,6537650,6310910,8388607,8388607,8388607,8388607
8924,4731553,6944351,6537012,6310990,8388607,8388607,8388607,8388607
9067,4730872,6943483,6536661,6310497,8388607,8388607,8388607,8388607
9249,4733106,6939666,6536015,6309495,8388607,8388607,8388607,8388607
9504,4732504,6940949,6537194,6311269,8388607,8388607,8388607,8388607
9639,4731609,6935671,6536020,6308838,8388607,8388607,8388607,8388607
9771,4734855,6935945,6535107,6308255,8388607,8388607,8388607,8388607
9892,4732880,6936324,6535354,6308361,8388607,8388607,8388607,8388607
10010,4732023,6935521,6534723,6307988,8388607,8388607,8388607,8388607
10136,4731861,6933550,6535708,6307605,8388607,8388607,8388607,8388607
10261,4732575,6931670,6535891,6306494,8388607,8388607,8388607,8388607
10382,4732379,6931602,6535501,6306542,8388607,8388607,8388607,8388607
10514,4731030,6932669,6535349,6306331,8388607,8388607,8388607,8388607
10691,4730537,6936194,6534509,6306607,8388607,8388607,8388607,8388607
10823,4731813,6938432,6535061,6306684,8388607,8388607,8388607,8388607
10947,4731800,6944930,6535291,6306825,8388607,8388607,8388607,8388607
11069,4730525,6951154,6535213,6307022,8388607,8388607,8388607,8388607
11201,4729083,6954229,6535346,6306906,8388607,8388607,8388607,8388607
11334,4731898,6960664,6534547,6306286,8388607,8388607,8388607,8388607
11600,4730385,6967328,6535982,6306662,8388607,8388607,8388607,8388607
11731,4730539,6969033,6534492,6305702,8388607,8388607,8388607,8388607
11853,4729583,6972304,6533619,6305053,8388607,8388607,8388607,8388607
11978,4729783,6974863,6532531,6304515,8388607,8388607,8388607,8388607
12102,4729284,6976033,6532417,6304161,8388607,8388607,8388607,8388607
12224,4728632,6977733,6533220,6303950,8388607,8388607,8388607,8388607
12352,4726698,6982424,6531364,6303920,8388607,8388607,8388607,8388607
12541,4726199,6985578,6531751,6303557,8388607,8388607,8388607,8388607
12671,4725735,6989445,6531115,6304033,8388607,8388607,8388607,8388607
12806,4725610,6989519,6531122,6303712,8388607,8388607,8388607,8388607
12938,4725551,6993653,6531534,6303646,8388607,8388607,8388607,8388607
13067,4725332,6993947,6531264,6303593,8388607,8388607,8388607,8388607
13192,4721937,6998075,6531592,6303987,8388607,8388607,8388607,8388607
13327,4721736,6998542,6532902,6303446,8388607,8388607,8388607,8388607
13462,4721526,6997840,6535512,6303538,8388607,8388607,8388607,8388607
13749,4721057,6998812,6539358,6304413,8388607,8388607,8388607,8388607
13885,4720918,6997558,6538320,6302517,8388607,8388607,8388607,8388607
14017,4719510,6997714,6538042,6302428,8388607,8388607,8388607,8388607
14147,4718712,6994947,6538962,6302362,8388607,8388607,8388607,8388607
14278,4717163,6995018,6539021,6302324,8388607,8388607,8388607,8388607
14469,4716615,6994802,6538791,6301098,8388607,8388607,8388607,8388607
14599,4716188,7000098,6539125,6301689,8388607,8388607,8388607,8388607
14734,4716043,7001539,6539249,6302099,8388607,8388607,8388607,8388607
14866,4715435,7000974,6540355,6302142,8388607,8388607,8388607,8388607
15000,4714115,7003906,6540132,6302640,8388607,8388607,8388607,8388607
15133,4713623,7004658,6540547,6303173,8388607,8388607,8388607,8388607
15267,4713240,7002152,6542014,6303271,8388607,8388607,8388607,8388607
15400,4711663,7002787,6541876,6303796,8388607,8388607,8388607,8388607
15540,4709512,7000067,6542787,6303294,8388607,8388607,8388607,8388607
15680,4709370,7001199,6542958,6303229,8388607,8388607,8388607,8388607
15965,4708238,6999232,6546834,6304770,8388607,8388607,8388607,8388607
16100,4709496,6997594,6546144,6303613,8388607,8388607,8388607,8388607
16234,4704907,6996662,6546583,6303365,8388607,8388607,8388607,8388607
16429,4703207,6993137,6547392,6303285,8388607,8388607,8388607,8388607
16568,4704604,6991880,6548318,6303226,8388607,8388607,8388607,8388607
16702,4703661,6993392,6548115,6303606,8388607,8388607,8388607,8388607
16837,4703385,6990675,6548722,6303469,8388607,8388607,8388607,8388607
16972,4700929,6991012,6549167,6303726,8388607,8388607,8388607,8388607
17115,4702336,6987574,6550725,6303521,8388607,8388607,8388607,8388607
17249,4701112,6987089,6551267,6303514,8388607,8388607,8388607,8388607
17382,4699896,6986956,6551159,6303596,8388607,8388607,8388607,8388607
17517,4697488,6985139,6551947,6303806,8388607,8388607,8388607,8388607
17696,4696628,6981010,6551078,6302647,8388607,8388607,8388607,8388607
17816,4695519,6981119,6552068,6303152,8388607,8388607,8388607,8388607
17940,4695294,6979577,6553188,6303187,8388607,8388607,8388607,8388607
18215,4694738,6976995,6554324,6304142,8388607,8388607,8388607,8388607
18388,4693625,6970909,6553038,6301422,8388607,8388607,8388607,8388607
18511,4694097,6970753,6553394,6301495,8388607,8388607,8388607,8388607
18636,4693215,6970496,6552208,6301084,8388607,8388607,8388607,8388607
18763,4693856,6969541,6551616,6301016,8388607,8388607,8388607,8388607
18881,4693420,6967689,6552048,6301162,8388607,8388607,8388607,8388607
19007,4693720,6964947,6551984,6300459,8388607,8388607,8388607,8388607
19135,4694827,6963117,6551720,6300000,8388607,8388607,8388607,8388607
19256,4694172,6962980,6551638,6300359,8388607,8388607,8388607,8388607
19381,4694523,6963266,6551948,6300214,8388607,8388607,8388607,8388607
19501,4694323,6962705,6552433,6300261,8388607,8388607,8388607,8388607
19624,4693869,6960286,6553475,6299938,8388607,8388607,8388607,8388607
19756,4691749,6959787,6553512,6299614,8388607,8388607,8388607,8388607
19885,4692929,6959170,6553784,6299506,8388607,8388607,8388607,8388607
20063,4691014,6956110,6554523,6298974,8388607,8388607,8388607,8388607
20337,4693139,6957308,6556624,6300928,8388607,8388607,8388607,8388607
20465,4693984,6954888,6555994,6299477,8388607,8388607,8388607,8388607
20588,4694320,6951977,6555783,6298792,8388607,8388607,8388607,8388607
20716,4692574,6951954,6555037,6298765,8388607,8388607,8388607,8388607
20850,4692411,6947898,6556055,6298203,8388607,8388607,8388607,8388607
20984,4692740,6947500,6556345,6298082,8388607,8388607,8388607,8388607
21114,4694754,6945127,6556439,6297914,8388607,8388607,8388607,8388607
21239,4694696,6943979,6556272,6297344,8388607,8388607,8388607,8388607
21372,4694612,6942684,6555513,6296516,8388607,8388607,8388607,8388607
21495,4695293,6940976,6556811,6297116,8388607,8388607,8388607,8388607
21623,4693376,6940944,6555320,6296638,8388607,8388607,8388607,8388607

1094,4835350,6918684,6636040,6409869,8388607,8388607,8388607,8388607
1224,4826858,6916067,6631919,6404589,8388607,8388607,8388607,8388607
1359,4821359,6909680,6628579,6399138,8388607,8388607,8388607,8388607
1491,4815691,6905932,6624907,6394587,8388607,8388607,8388607,8388607
1623,4810577,6904119,6620983,6390323,8388607,8388607,8388607,8388607
1757,4807663,6898820,6618689,6386114,8388607,8388607,8388607,8388607
1893,4805361,6896244,6615901,6382678,8388607,8388607,8388607,8388607
2028,4801388,6894242,6611887,6378670,8388607,8388607,8388607,8388607
2161,4799538,6889742,6609833,6375376,8388607,8388607,8388607,8388607
2294,4797387,6887490,6607919,6372805,8388607,8388607,8388607,8388607
2428,4795720,6886884,6604497,6369932,8388607,8388607,8388607,8388607
2562,4794503,6882614,6603284,6367327,8388607,8388607,8388607,8388607
2699,4793626,6879998,6601159,6364315,8388607,8388607,8388607,8388607
2882,4791023,6875814,6597944,6360451,8388607,8388607,8388607,8388607
3011,4790893,6875966,6596195,6359119,8388607,8388607,8388607,8388607
3286,4787691,6873535,6594332,6355854,8388607,8388607,8388607,8388607
3422,4787323,6868483,6592324,6352501,8388607,8388607,8388607,8388607
3556,4786364,6868327,6590789,6351020,8388607,8388607,8388607,8388607
3690,4785769,6866833,6589147,6348728,8388607,8388607,8388607,8388607
3825,4786619,6863099,6588853,6347005,8388607,8388607,8388607,8388607
3956,4783887,6862582,6587251,6345383,8388607,8388607,8388607,8388607
4093,4782124,6860300,6586803,6343466,8388607,8388607,8388607,8388607
4235,4782657,6860508,6584345,6341619,8388607,8388607,8388607,8388607
4371,4780259,6858240,6584215,6339941,8388607,8388607,8388607,8388607
4515,4779323,6856094,6583405,6338214,8388607,8388607,8388607,8388607
4658,4777290,6854388,6581856,6336538,8388607,8388607,8388607,8388607
4852,4774923,6853752,6580120,6334411,8388607,8388607,8388607,8388607
4992,4776856,6855515,6579379,6333767,8388607,8388607,8388607,8388607
5130,4773609,6855424,6578321,6332056,8388607,8388607,8388607,8388607
5275,4774310,6855534,6577294,6330478,8388607,8388607,8388607,8388607
5589,4770950,6862002,6576386,6329050,8388607,8388607,8388607,8388607
5709,4769773,6861482,6574884,6327173,8388607,8388607,8388607,8388607
5835,4768322,6860578,6574259,6325653,8388607,8388607,8388607,8388607
5960,4768858,6860601,6573875,6324714,8388607,8388607,8388607,8388607
6088,4769117,6860621,6572176,6323476,8388607,8388607,8388607,8388607
6210,4767164,6862498,6571477,6322938,8388607,8388607,8388607,8388607
6329,4765546,6863423,6570618,6321904,8388607,8388607,8388607,8388607
6453,4764795,6862187,6570382,6321211,8388607,8388607,8388607,8388607
6576,4764248,6861101,6570107,6320518,8388607,8388607,8388607,8388607
6754,4762094,6861797,6567242,6318703,8388607,8388607,8388607,8388607
6876,4763324,6862158,6568015,6318272,8388607,8388607,8388607,8388607
6999,4762508,6860267,6567366,6316916,8388607,8388607,8388607,8388607
7125,4762012,6859693,6566824,6315680,8388607,8388607,8388607,8388607
7252,4761823,6860462,6565501,6315309,8388607,8388607,8388607,8388607
7371,4760191,6861807,6564809,6315234,8388607,8388607,8388607,8388607
7632,4757945,6867402,6564631,6314507,8388607,8388607,8388607,8388607
7760,4757487,6867464,6563253,6312526,8388607,8388607,8388607,8388607
7887,4756080,6873285,6564254,6315229,8388607,8388607,8388607,8388607

1017,4846596,6965793,6620515,6418720,8388607,8388607,8388607,8388607
1142,4830426,6965519,6621127,6415369,8388607,8388607,8388607,8388607
1273,4826418,6965018,6618315,6412863,8388607,8388607,8388607,8388607
1448,4815569,6962059,6612978,6402146,8388607,8388607,8388607,8388607
1569,4814405,6964947,6614907,6399849,8388607,8388607,8388607,8388607
1698,4805911,6960042,6607912,6390983,8388607,8388607,8388607,8388607
1831,4792479,6957574,6601364,6385503,8388607,8388607,8388607,8388607
1962,4798379,6958527,6600563,6381783,8388607,8388607,8388607,8388607
2086,4799004,6958254,6599232,6376715,8388607,8388607,8388607,8388607
2214,4783947,6955421,6594436,6375905,8388607,8388607,8388607,8388607
2344,4790986,6961191,6597723,6374402,8388607,8388607,8388607,8388607
2471,4780454,6956945,6591617,6372655,8388607,8388607,8388607,8388607

156308,4636517,6929568,6524761,6265219,8388607,8388607,8388607,8388607
156441,4633753,6930026,6524033,6266645,8388607,8388607,8388607,8388607
156580,4637222,6928041,6523345,6265347,8388607,8388607,8388607,8388607
156710,4636568,6926082,6525318,6263918,8388607,8388607,8388607,8388607
156840,4634091,6928476,6524687,6265791,8388607,8388607,8388607,8388607
156976,4637398,6927705,6524645,6265398,8388607,8388607,8388607,8388607
157109,4637891,6927834,6526425,6264040,8388607,8388607,8388607,8388607
157242,4637088,6927932,6524550,6264644,8388607,8388607,8388607,8388607
157378,4638202,6927200,6524151,6264558,8388607,8388607,8388607,8388607
157513,4641183,6926210,6525662,6263252,8388607,8388607,8388607,8388607
157646,4639280,6926271,6524635,6263889,8388607,8388607,8388607,8388607
157779,4639724,6926286,6523170,6263649,8388607,8388607,8388607,8388607
157965,4637175,6926285,6521737,6263403,8388607,8388607,8388607,8388607
158095,4640056,6925987,6522906,6261863,8388607,8388607,8388607,8388607
158235,4634499,6927736,6522770,6264193,8388607,8388607,8388607,8388607
158541,4639286,6932735,6525097,6265665,8388607,8388607,8388607,8388607
158686,4638469,6929964,6522880,6262113,8388607,8388607,8388607,8388607
158825,4641611,6930211,6521722,6262875,8388607,8388607,8388607,8388607
158957,4642937,6928603,6522325,6260357,8388607,8388607,8388607,8388607
159090,4641307,6930473,6522025,6261739,8388607,8388607,8388607,8388607
159228,4638932,6928679,6521415,6260520,8388607,8388607,8388607,8388607

161147,4646836,6927902,6518507,6259516,8388607,8388607,8388607,8388607
161288,4645889,6926786,6519002,6258041,8388607,8388607,8388607,8388607
161433,4648100,6927565,6519129,6258117,8388607,8388607,8388607,8388607
161634,4644935,6926655,6516232,6256870,8388607,8388607,8388607,8388607

163422,4648486,6921711,6521916,6257741,8388607,8388607,8388607,8388607
163564,4653560,6918722,6523004,6255535,8388607,8388607,8388607,8388607
163706,4652106,6917525,6522112,6255245,8388607,8388607,8388607,8388607

165623,4661944,6930607,6534951,6258805,8388607,8388607,8388607,8388607
165749,4650089,6930606,6532165,6259576,8388607,8388607,8388607,8388607
165880,4654251,6928694,6532484,6258377,8388607,8388607,8388607,8388607
166000,4653826,6928892,6533114,6258925,8388607,8388607,8388607,8388607
166124,4654025,6928806,6531779,6259569,8388607,8388607,8388607,8388607
166248,4652930,6928891,6530450,6259935,8388607,8388607,8388607,8388607
166379,4652458,6927132,6530831,6257602,8388607,8388607,8388607,8388607
166559,4650990,6926767,6529314,6257991,8388607,8388607,8388607,8388607
166679,4680623,6931464,6528729,6265545,8388607,8388607,8388607,8388607
166803,4667130,6929334,6564552,6556562,8388607,8388607,8388607,8388607
166924,4633946,6818943,6413731,6150351,8388607,8388607,8388607,8388607

1994,4871525,7042421,6855724,6478516,8388607,8388607,8388607,8388607
2115,4860991,7037053,6852097,6471723,8388607,8388607,8388607,8388607
2236,4851262,7035978,6851917,6468884,8388607,8388607,8388607,8388607
2366,4855833,7033108,6847565,6465147,8388607,8388607,8388607,8388607
2497,4844245,7028016,6847529,6459788,8388607,8388607,8388607,8388607
2623,4843624,7023960,6843568,6455049,8388607,8388607,8388607,8388607
2749,4846526,7022225,6839943,6450886,8388607,8388607,8388607,8388607
2926,4829868,7015518,6836322,6442723,8388607,8388607,8388607,8388607
3053,4835102,7015858,6837639,6440459,8388607,8388607,8388607,8388607
3178,4838720,7013529,6836853,6436502,8388607,8388607,8388607,8388607
3300,4833028,7010293,6834340,6433966,8388607,8388607,8388607,8388607
3424,4832433,7009260,6833160,6432885,8388607,8388607,8388607,8388607
3550,4834380,7007567,6830738,6429026,8388607,8388607,8388607,8388607
3676,4821114,7001591,6829715,6424958,8388607,8388607,8388607,8388607
3807,4829264,7000183,6826468,6422280,8388607,8388607,8388607,8388607
4070,4821722,7004229,6830096,6423933,8388607,8388607,8388607,8388607
4196,4818562,6995696,6824434,6413385,8388607,8388607,8388607,8388607
4330,4817039,6992484,6823267,6410625,8388607,8388607,8388607,8388607
4463,4812292,6992529,6820754,6408451,8388607,8388607,8388607,8388607
4598,4811957,6990003,6821366,6405946,8388607,8388607,8388607,8388607

12478,4784645,6905875,6794643,6342375,8388607,8388607,8388607,8388607
12610,4776987,6902804,6793951,6340691,8388607,8388607,8388607,8388607
12752,4775376,6900623,6791365,6338831,8388607,8388607,8388607,8388607
12893,4770665,6899518,6790611,6340139,8388607,8388607,8388607,8388607
13033,4780126,6896717,6790108,6338475,8388607,8388607,8388607,8388607
13162,4778214,6895638,6790165,6338401,8388607,8388607,8388607,8388607
13299,4777749,6895104,6786095,6337793,8388607,8388607,8388607,8388607
13431,4780351,6894050,6786808,6338337,8388607,8388607,8388607,8388607
13563,4778000,6892105,6785200,6336279,8388607,8388607,8388607,8388607
13702,4781283,6891524,6782178,6336826,8388607,8388607,8388607,8388607
13832,4781200,6888898,6781719,6333762,8388607,8388607,8388607,8388607

17660,4776998,6874033,6770866,6323532,8388607,8388607,8388607,8388607
17793,4776422,6872190,6770397,6321837,8388607,8388607,8388607,8388607
17933,4763239,6873052,6768201,6321627,8388607,8388607,8388607,8388607
18075,4759987,6875231,6766621,6321758,8388607,8388607,8388607,8388607
18219,4759074,6876614,6765829,6322056,8388607,8388607,8388607,8388607

22175,4770027,6907195,6724780,6309502,8388607,8388607,8388607,8388607
22308,4764245,6906285,6722232,6308846,8388607,8388607,8388607,8388607
22440,4761330,6907237,6723576,6306861,8388607,8388607,8388607,8388607
22574,4760427,6908132,6721663,6307607,8388607,8388607,8388607,8388607
22711,4752142,6909965,6722512,6306936,8388607,8388607,8388607,8388607
22903,4753199,6908248,6719307,6302682,8388607,8388607,8388607,8388607
23036,4758072,6912110,6719114,6305716,8388607,8388607,8388607,8388607
23170,4758834,6912777,6717440,6306695,8388607,8388607,8388607,8388607
23304,4811997,7085819,6689634,6209592,8388607,8388607,8388607,8388607
23438,4573074,6787081,6624858,6602732,8388607,8388607,8388607,8388607
23574,4689991,6874452,6679477,6264613,8388607,8388607,8388607,8388607

3003,4665422,6944498,6692336,6316716,8388607,8388607,8388607,8388607
3186,4666135,6947310,6690352,6315259,8388607,8388607,8388607,8388607
3312,4671897,7001511,6737474,6380811,8388607,8388607,8388607,8388607
3437,4598644,7014866,6647934,6261132,8388607,8388607,8388607,8388607
3562,4580653,6867352,6626068,6263343,8388607,8388607,8388607,8388607
3686,4885578,7142202,6809789,6346688,8388607,8388607,8388607,8388607
3871,4639944,6915509,6670780,6323105,8388607,8388607,8388607,8388607

2971,4858023,7036777,6715390,6384122,8388607,8388607,8388607,8388607
3097,4854403,7031776,6711869,6379799,8388607,8388607,8388607,8388607
3221,4850340,7027496,6707898,6377266,8388607,8388607,8388607,8388607
3345,4846513,7025044,6704454,6374479,8388607,8388607,8388607,8388607
3468,4844370,7021482,6702247,6371500,8388607,8388607,8388607,8388607
3593,4842221,7017416,6700174,6367478,8388607,8388607,8388607,8388607
3713,4838203,7013365,6699023,6364657,8388607,8388607,8388607,8388607
3844,4839393,7010704,6695758,6360913,8388607,8388607,8388607,8388607
3964,4836263,7007484,6692809,6359451,8388607,8388607,8388607,8388607
4091,4833735,7005011,6690631,6357219,8388607,8388607,8388607,8388607
4212,4829672,7001855,6689188,6354142,8388607,8388607,8388607,8388607
4387,4826847,6995942,6684080,6350064,8388607,8388607,8388607,8388607
4509,4825857,6994832,6683475,6348612,8388607,8388607,8388607,8388607
4636,4827382,6991514,6681706,6344788,8388607,8388607,8388607,8388607
4765,4821892,6988340,6680126,6342830,8388607,8388607,8388607,8388607
5033,4818753,6986006,6679494,6340889,8388607,8388607,8388607,8388607
5155,4819808,6980054,6676269,6335939,8388607,8388607,8388607,8388607
5279,4819381,6976232,6675009,6332782,8388607,8388607,8388607,8388607
5405,4819166,6973139,6672572,6330959,8388607,8388607,8388607,8388607
5534,4814102,6970479,6671373,6329974,8388607,8388607,8388607,8388607
5664,4810589,6968193,6668283,6328590,8388607,8388607,8388607,8388607
5796,4809284,6964802,6668328,6325221,8388607,8388607,8388607,8388607
5931,4808410,6962354,6667157,6324057,8388607,8388607,8388607,8388607
6066,4805174,6959575,6663197,6323814,8388607,8388607,8388607,8388607
6252,4803887,6954669,6661406,6320491,8388607,8388607,8388607,8388607
6383,4801555,6952755,6661259,6319073,8388607,8388607,8388607,8388607
6516,4800852,6948676,6661182,6315694,8388607,8388607,8388607,8388607

247396,4714264,6710492,6787387,6548596,8388607,8388607,8388607,8388607
247524,4706338,6704939,6783427,6547345,8388607,8388607,8388607,8388607
247650,4697841,6703561,6784234,6547788,8388607,8388607,8388607,8388607
247776,4699617,6704458,6783530,6550615,8388607,8388607,8388607,8388607
247902,4691531,6704283,6782997,6552541,8388607,8388607,8388607,8388607
248032,4709165,6703605,6785482,6551630,8388607,8388607,8388607,8388607
248158,4693537,6703447,6783583,6554129,8388607,8388607,8388607,8388607
248289,4705287,6701000,6784040,6552877,8388607,8388607,8388607,8388607
248420,4708160,6701566,6781612,6555205,8388607,8388607,8388607,8388607
248550,4702553,6700596,6784634,6555658,8388607,8388607,8388607,8388607
248678,4692559,6701549,6782886,6557794,8388607,8388607,8388607,8388607
248859,4699813,6693583,6778375,6555124,8388607,8388607,8388607,8388607
248988,4703152,6698072,6783785,6558361,8388607,8388607,8388607,8388607
249120,4703077,6699364,6783428,6560326,8388607,8388607,8388607,8388607
249250,4702035,6698711,6785172,6558621,8388607,8388607,8388607,8388607
249541,4683762,6717929,6803205,6579122,8388607,8388607,8388607,8388607
249671,4709193,6701881,6788456,6561383,8388607,8388607,8388607,8388607
249804,4696312,6698470,6782543,6559385,8388607,8388607,8388607,8388607
249935,4703522,6697071,6784149,6557648,8388607,8388607,8388607,8388607
250072,4692772,6695765,6783264,6555360,8388607,8388607,8388607,8388607
250208,4687628,6696025,6781577,6555419,8388607,8388607,8388607,8388607
250341,4693995,6696396,6781661,6555926,8388607,8388607,8388607,8388607
250474,4696619,6695893,6782833,6552932,8388607,8388607,8388607,8388607
250609,4693825,6694989,6782608,6552033,8388607,8388607,8388607,8388607
250792,4674071,6688301,6779497,6546815,8388607,8388607,8388607,8388607
250962,4736047,6685157,6772800,6542905,8388607,8388607,8388607,8388607
251075,4707824,6695319,6785154,6551730,8388607,8388607,8388607,8388607
251191,4725547,6697404,6785796,6551644,8388607,8388607,8388607,8388607
251306,4717082,6697591,6785014,6552549,8388607,8388607,8388607,8388607
251428,4751584,6695802,6783043,6548725,8388607,8388607,8388607,8388607
251705,4683346,6712782,6800723,6568328,8388607,8388607,8388607,8388607
251818,4720451,6701423,6789196,6553795,8388607,8388607,8388607,8388607
251933,4715822,6697279,6786688,6550653,8388607,8388607,8388607,8388607
252049,4719750,6696085,6785114,6550501,8388607,8388607,8388607,8388607
252165,4719907,6695782,6783718,6551745,8388607,8388607,8388607,8388607
252283,4729904,6695584,6783536,6551105,8388607,8388607,8388607,8388607
252401,4720346,6695012,6784182,6551238,8388607,8388607,8388607,8388607
252570,4690539,6685652,6779278,6545054,8388607,8388607,8388607,8388607
252691,4735558,6692081,6783662,6547857,8388607,8388607,8388607,8388607
252808,4711394,6694435,6783894,6550416,8388607,8388607,8388607,8388607
252928,4725644,6691900,6783852,6550717,8388607,8388607,8388607,8388607
253048,4728914,6692664,6783532,6550741,8388607,8388607,8388607,8388607
253170,4732904,6691297,6784330,6550599,8388607,8388607,8388607,8388607
253296,4701449,6690241,6784171,6549303,8388607,8388607,8388607,8388607
253416,4729062,6691141,6785031,6550848,8388607,8388607,8388607,8388607
253695,4679543,6706998,6804211,6568894,8388607,8388607,8388607,8388607
253815,4734150,6694477,6788973,6553614,8388607,8388607,8388607,8388607
253937,4728783,6690370,6785666,6551017,8388607,8388607,8388607,8388607
254059,4729010,6689817,6784926,6550980,8388607,8388607,8388607,8388607
254183,4692758,6689948,6782691,6550772,8388607,8388607,8388607,8388607
254353,4687251,6681885,6779280,6545228,8388607,8388607,8388607,8388607
254475,4717834,6687986,6784078,6549275,8388607,8388607,8388607,8388607
254593,4696761,6689923,6786093,6550140,8388607,8388607,8388607,8388607
254715,4716560,6688947,6784793,6548200,8388607,8388607,8388607,8388607
254842,4702015,6686104,6782850,6548691,8388607,8388607,8388607,8388607
254966,4687999,6687112,6782321,6549113,8388607,8388607,8388607,8388607
255090,4689049,6687092,6783272,6548341,8388607,8388607,8388607,8388607
255215,4688984,6686235,6784325,6547044,8388607,8388607,8388607,8388607
255339,4691687,6686352,6782460,6545948,8388607,8388607,8388607,8388607
255467,4700623,6686509,6780462,6547327,8388607,8388607,8388607,8388607
255750,4676005,6703852,6800085,6565149,8388607,8388607,8388607,8388607
255874,4697866,6689634,6786060,6549469,8388607,8388607,8388607,8388607
256003,4701322,6686093,6781126,6547408,8388607,8388607,8388607,8388607
256190,4660059,6676677,6774320,6542420,8388607,8388607,8388607,8388607
256316,4681786,6683872,6781361,6546018,8388607,8388607,8388607,8388607
256445,4697923,6684187,6779742,6547234,8388607,8388607,8388607,8388607
256573,4683054,6684051,6781406,6547763,8388607,8388607,8388607,8388607
256700,4684725,6683519,6781528,6547205,8388607,8388607,8388607,8388607
256833,4698789,6682544,6780917,6547086,8388607,8388607,8388607,8388607
256961,4700336,6682033,6782227,6547884,8388607,8388607,8388607,8388607
257090,4699485,6682798,6781291,6548773,8388607,8388607,8388607,8388607
257222,4696371,6681690,6781305,6547075,8388607,8388607,8388607,8388607
257354,4694474,6682040,6781007,6545837,8388607,8388607,8388607,8388607
257483,4700328,6682977,6781612,6546537,8388607,8388607,8388607,8388607
257617,4691162,6680723,6781480,6543483,8388607,8388607,8388607,8388607
257907,4679009,6701005,6800012,6562324,8388607,8388607,8388607,8388607
258088,4700159,6676597,6775748,6540106,8388607,8388607,8388607,8388607
258221,4693635,6679981,6780573,6539593,8388607,8388607,8388607,8388607
258351,4698920,6681427,6779264,6540809,8388607,8388607,8388607,8388607
258482,4697554,6680201,6779834,6538122,8388607,8388607,8388607,8388607

1006,4770550,6780423,6862213,6652769,8388607,8388607,8388607,8388607
1145,4758451,6774114,6856321,6643321,8388607,8388607,8388607,8388607
1280,4750396,6772164,6852068,6635283,8388607,8388607,8388607,8388607
1452,4745089,6765163,6846457,6624868,8388607,8388607,8388607,8388607
1570,4740037,6761698,6843585,6619227,8388607,8388607,8388607,8388607
1690,4735840,6758716,6841087,6614096,8388607,8388607,8388607,8388607
1811,4731645,6756239,6837974,6608909,8388607,8388607,8388607,8388607
1930,4727638,6752603,6835103,6604154,8388607,8388607,8388607,8388607
2099,4716195,6749004,6830310,6598477,8388607,8388607,8388607,8388607
2215,4716463,6748170,6829415,6596180,8388607,8388607,8388607,8388607
2331,4714057,6744330,6827342,6592529,8388607,8388607,8388607,8388607
2448,4711764,6741600,6826329,6589816,8388607,8388607,8388607,8388607
2571,4707933,6740188,6824187,6587501,8388607,8388607,8388607,8388607
2692,4711069,6738661,6822443,6584906,8388607,8388607,8388607,8388607
2810,4706625,6736610,6821360,6581528,8388607,8388607,8388607,8388607
3062,4699151,6737431,6821317,6581476,8388607,8388607,8388607,8388607
3185,4701444,6730251,6815652,6576913,8388607,8388607,8388607,8388607
3305,4697369,6728007,6814134,6575077,8388607,8388607,8388607,8388607
3427,4695077,6725829,6812669,6573082,8388607,8388607,8388607,8388607
3549,4696875,6726029,6812936,6572306,8388607,8388607,8388607,8388607
3669,4692143,6722366,6809778,6568683,8388607,8388607,8388607,8388607
3839,4689474,6724449,6809457,6567927,8388607,8388607,8388607,8388607
3958,4688067,6720948,6806274,6563452,8388607,8388607,8388607,8388607
4076,4687692,6720082,6805995,6561993,8388607,8388607,8388607,8388607
4197,4687421,6719221,6804935,6559443,8388607,8388607,8388607,8388607
4317,4685535,6718253,6803850,6557292,8388607,8388607,8388607,8388607
4441,4683260,6716773,6802460,6555099,8388607,8388607,8388607,8388607
4566,4681311,6712902,6801377,6551752,8388607,8388607,8388607,8388607
4689,4681412,6712108,6801540,6550845,8388607,8388607,8388607,8388607
4813,4681737,6712159,6799336,6548278,8388607,8388607,8388607,8388607
5073,4675476,6709246,6797447,6545096,8388607,8388607,8388607,8388607

1027,4740516,6752990,6835830,6621360,8388607,8388607,8388607,8388607
1150,4730624,6749322,6831759,6615574,8388607,8388607,8388607,8388607
1326,4718204,6743655,6827169,6608241,8388607,8388607,8388607,8388607
1454,4715275,6742319,6823568,6603642,8388607,8388607,8388607,8388607
1582,4711467,6740258,6820758,6597916,8388607,8388607,8388607,8388607
1708,4703527,6734608,6818193,6593465,8388607,8388607,8388607,8388607

1006,4810312,6800357,6872296,6675436,8388607,8388607,8388607,8388607
1131,4771508,6790141,6861561,6660771,8388607,8388607,8388607,8388607
1257,4774487,6794219,6868712,6664656,8388607,8388607,8388607,8388607
1388,4779449,6795936,6868917,6659315,8388607,8388607,8388607,8388607
1519,4768596,6784931,6854955,6642906,8388607,8388607,8388607,8388607
1648,4755429,6777301,6850999,6639258,8388607,8388607,8388607,8388607
1777,4756296,6777683,6852975,6636400,8388607,8388607,8388607,8388607
1906,4760641,6784809,6857824,6640654,8388607,8388607,8388607,8388607
2085,4724689,6775919,6860137,6649969,8388607,8388607,8388607,8388607
2211,4758156,6788558,6876716,6647422,8388607,8388607,8388607,8388607
2339,4748665,6787687,6878648,6641268,8388607,8388607,8388607,8388607
2472,4751068,6770010,6848862,6620121,8388607,8388607,8388607,8388607
2602,4729212,6755989,6832669,6602810,8388607,8388607,8388607,8388607
2735,4733326,6766731,6850219,6621037,8388607,8388607,8388607,8388607
2864,4742640,6764314,6842660,6603008,8388607,8388607,8388607,8388607
3131,4712599,6768703,6845547,6608413,8388607,8388607,8388607,8388607
3262,4739125,6762047,6834714,6595223,8388607,8388607,8388607,8388607
3395,4729043,6753587,6833816,6596878,8388607,8388607,8388607,8388607
3525,4736524,6757874,6834458,6599480,8388607,8388607,8388607,8388607
3657,4730339,6753537,6833766,6595591,8388607,8388607,8388607,8388607
3791,4722494,6752107,6830104,6593588,8388607,8388607,8388607,8388607
3977,4685654,6740239,6821172,6585813,8388607,8388607,8388607,8388607
4109,4722041,6746889,6823555,6588757,8388607,8388607,8388607,8388607
4240,4720565,6745884,6823904,6589121,8388607,8388607,8388607,8388607
4372,4715775,6739327,6816240,6579793,8388607,8388607,8388607,8388607
4538,4742358,6734978,6813634,6577393,8388607,8388607,8388607,8388607
4654,4728308,6742293,6820302,6581408,8388607,8388607,8388607,8388607
4773,4751688,6743388,6820424,6581611,8388607,8388607,8388607,8388607
4889,4731580,6743595,6819690,6583455,8388607,8388607,8388607,8388607
5006,4736805,6741130,6815402,6578610,8388607,8388607,8388607,8388607
5261,4696648,6754697,6832913,6591469,8388607,8388607,8388607,8388607
5383,4753066,6739526,6814713,6574329,8388607,8388607,8388607,8388607
5499,4725918,6739614,6816946,6573572,8388607,8388607,8388607,8388607
5617,4727111,6734305,6812200,6567272,8388607,8388607,8388607,8388607

361435,4628766,6586751,6682042,6465227,8388607,8388607,8388607,8388607
361556,4613757,6583579,6682987,6463418,8388607,8388607,8388607,8388607
361733,4602828,6577008,6675427,6459171,8388607,8388607,8388607,8388607
361853,4615508,6582061,6680902,6462595,8388607,8388607,8388607,8388607
361976,4618772,6582747,6681647,6464587,8388607,8388607,8388607,8388607
362099,4617972,6583378,6683107,6464847,8388607,8388607,8388607,8388607
362232,4602354,6581079,6680882,6463696,8388607,8388607,8388607,8388607
362370,4608867,6582563,6678711,6464330,8388607,8388607,8388607,8388607
362497,4600958,6582263,6682224,6462346,8388607,8388607,8388607,8388607
362627,4623250,6583384,6680530,6462505,8388607,8388607,8388607,8388607
362751,4622216,6582943,6679125,6463765,8388607,8388607,8388607,8388607
362875,4624456,6583459,6679670,6464231,8388607,8388607,8388607,8388607
363007,4617312,6581173,6678000,6463687,8388607,8388607,8388607,8388607
363137,4615248,6581143,6681029,6464155,8388607,8388607,8388607,8388607
363268,4606495,6583263,6679848,6467263,8388607,8388607,8388607,8388607
363611,4615402,6594438,6693138,6480261,8388607,8388607,8388607,8388607
363742,4627477,6585575,6682136,6471621,8388607,8388607,8388607,8388607
363871,4615634,6582004,6678826,6470624,8388607,8388607,8388607,8388607
364002,4603392,6582604,6679168,6470375,8388607,8388607,8388607,8388607
364139,4619011,6580934,6679930,6470854,8388607,8388607,8388607,8388607
364270,4600929,6582065,6679378,6473263,8388607,8388607,8388607,8388607
364402,4599615,6581906,6679234,6474692,8388607,8388607,8388607,8388607
364542,4611068,6581412,6678468,6469237,8388607,8388607,8388607,8388607
364676,4610078,6581867,6676532,6471705,8388607,8388607,8388607,8388607
364808,4609415,6581266,6676052,6472458,8388607,8388607,8388607,8388607
364937,4606751,6582414,6677377,6470299,8388607,8388607,8388607,8388607
365073,4609958,6581051,6676579,6470988,8388607,8388607,8388607,8388607
365206,4609490,6583426,6675619,6471036,8388607,8388607,8388607,8388607
365390,4603575,6577834,6670508,6468591,8388607,8388607,8388607,8388607
365524,4612646,6580016,6674998,6469331,8388607,8388607,8388607,8388607
365820,4613086,6593790,6687367,6479901,8388607,8388607,8388607,8388607
365950,4615088,6583897,6676049,6472495,8388607,8388607,8388607,8388607
366087,4616941,6581154,6674993,6469743,8388607,8388607,8388607,8388607
366224,4617063,6579827,6673530,6467316,8388607,8388607,8388607,8388607
366357,4618127,6580049,6672123,6468538,8388607,8388607,8388607,8388607
366499,4610165,6578795,6671278,6468379,8388607,8388607,8388607,8388607
366639,4604400,6579745,6673940,6469502,8388607,8388607,8388607,8388607
366781,4604995,6579805,6672942,6470291,8388607,8388607,8388607,8388607
366921,4625713,6581313,6672403,6470422,8388607,8388607,8388607,8388607
367054,4626166,6579971,6671520,6470916,8388607,8388607,8388607,8388607
367189,4629732,6581964,6672566,6469585,8388607,8388607,8388607,8388607
367372,4609652,6573396,6663084,6464517,8388607,8388607,8388607,8388607

32717,4623884,6626430,6725869,6453575,8388607,8388607,8388607,8388607
32850,4630274,6626667,6727925,6453004,8388607,8388607,8388607,8388607
32984,4630781,6627985,6726400,6456175,8388607,8388607,8388607,8388607
33120,4627341,6626651,6725964,6457217,8388607,8388607,8388607,8388607
33252,4633055,6625707,6727553,6456010,8388607,8388607,8388607,8388607
33384,4635072,6625598,6725300,6458934,8388607,8388607,8388607,8388607
33521,4628157,6624503,6723896,6458841,8388607,8388607,8388607,8388607
33690,4641835,6620184,6722048,6455154,8388607,8388607,8388607,8388607
33806,4638871,6624400,6722944,6459893,8388607,8388607,8388607,8388607
33921,4638193,6624891,6722961,6460385,8388607,8388607,8388607,8388607
34036,4640452,6623281,6723895,6459354,8388607,8388607,8388607,8388607
34160,4636542,6623109,6722041,6459544,8388607,8388607,8388607,8388607
34284,4635797,6622679,6721179,6458924,8388607,8388607,8388607,8388607
34456,4633758,6618588,6720388,6456331,8388607,8388607,8388607,8388607
34573,4643200,6620883,6721892,6457722,8388607,8388607,8388607,8388607
34838,4628781,6626273,6726507,6465789,8388607,8388607,8388607,8388607
34954,4639352,6621437,6723175,6460106,8388607,8388607,8388607,8388607
35078,4635491,6619290,6719452,6459899,8388607,8388607,8388607,8388607
35199,4647500,6619336,6719185,6460513,8388607,8388607,8388607,8388607
35320,4647147,6618968,6718008,6461054,8388607,8388607,8388607,8388607
35438,4641877,6618204,6718236,6460952,8388607,8388607,8388607,8388607
35554,4636679,6618876,6718469,6461064,8388607,8388607,8388607,8388607
35679,4634167,6617613,6716131,6462562,8388607,8388607,8388607,8388607
35800,4645403,6616944,6714686,6462930,8388607,8388607,8388607,8388607
35923,4633723,6616811,6713408,6464212,8388607,8388607,8388607,8388607
36044,4646978,6617440,6713104,6464314,8388607,8388607,8388607,8388607
36217,4626928,6612269,6710888,6461519,8388607,8388607,8388607,8388607
36342,4634051,6615960,6710866,6463778,8388607,8388607,8388607,8388607
36464,4646329,6615765,6710373,6463793,8388607,8388607,8388607,8388607
36589,4633843,6615375,6710432,6462396,8388607,8388607,8388607,8388607
36856,4629713,6619957,6716790,6468851,8388607,8388607,8388607,8388607
36977,4645594,6615885,6710986,6464307,8388607,8388607,8388607,8388607
37097,4641065,6614611,6708410,6464387,8388607,8388607,8388607,8388607
37219,4642733,6614227,6707041,6465266,8388607,8388607,8388607,8388607
37342,4642412,6614019,6706276,6466972,8388607,8388607,8388607,8388607
37467,4631092,6614194,6705889,6467752,8388607,8388607,8388607,8388607
37593,4631248,6612306,6706453,6465821,8388607,8388607,8388607,8388607
37719,4632409,6612788,6705381,6467165,8388607,8388607,8388607,8388607
37848,4633616,6613062,6704425,6466684,8388607,8388607,8388607,8388607
38023,4619210,6610544,6701079,6465041,8388607,8388607,8388607,8388607
38159,4628571,6611100,6701956,6463884,8388607,8388607,8388607,8388607
38290,4630936,6611733,6701918,6464392,8388607,8388607,8388607,8388607
38423,4631277,6612417,6700300,6464715,8388607,8388607,8388607,8388607
38548,4624751,6612610,6699993,6464651,8388607,8388607,8388607,8388607
38676,4627996,6610212,6699595,6462785,8388607,8388607,8388607,8388607

93170,4593807,6581479,6614871,6456442,8388607,8388607,8388607,8388607
93297,4586055,6580644,6613042,6455879,8388607,8388607,8388607,8388607
93425,4587437,6579459,6615409,6453064,8388607,8388607,8388607,8388607
93553,4589081,6579188,6614478,6454047,8388607,8388607,8388607,8388607
93683,4592184,6578929,6614595,6451857,8388607,8388607,8388607,8388607
93813,4594149,6579271,6614348,6451980,8388607,8388607,8388607,8388607
93944,4589835,6577845,6616064,6450877,8388607,8388607,8388607,8388607
94073,4596286,6578699,6614548,6451440,8388607,8388607,8388607,8388607
94206,4592423,6577540,6616590,6448688,8388607,8388607,8388607,8388607
94389,4588160,6576442,6615324,6446670,8388607,8388607,8388607,8388607
94521,4595409,6577680,6615308,6447690,8388607,8388607,8388607,8388607
94651,4596252,6577814,6615719,6446538,8388607,8388607,8388607,8388607
94780,4597398,6578784,6615771,6446705,8388607,8388607,8388607,8388607
94909,4597784,6577197,6617243,6444543,8388607,8388607,8388607,8388607
95044,4594050,6577268,6616937,6444270,8388607,8388607,8388607,8388607
95323,4590398,6583636,6623031,6450220,8388607,8388607,8388607,8388607
95453,4601762,6578543,6617532,6445919,8388607,8388607,8388607,8388607
95589,4595667,6576650,6617112,6443559,8388607,8388607,8388607,8388607
95731,4597637,6576115,6616208,6443536,8388607,8388607,8388607,8388607
95866,4595619,6576402,6615964,6443963,8388607,8388607,8388607,8388607
96033,4610875,6573772,6613031,6442727,8388607,8388607,8388607,8388607
96147,4603363,6576966,6616633,6444643,8388607,8388607,8388607,8388607
96318,4601285,6574979,6612431,6444306,8388607,8388607,8388607,8388607
96431,4601757,6577109,6616202,6443971,8388607,8388607,8388607,8388607
96544,4604364,6577424,6615997,6443985,8388607,8388607,8388607,8388607
96659,4607592,6577733,6613660,6444736,8388607,8388607,8388607,8388607
96774,4607087,6577577,6614197,6442398,8388607,8388607,8388607,8388607
96890,4608698,6576321,6615500,6441347,8388607,8388607,8388607,8388607
97006,4609894,6577042,6615073,6439976,8388607,8388607,8388607,8388607
97123,4609097,6576183,6613825,6439580,8388607,8388607,8388607,8388607
97391,4598296,6581287,6620384,6443098,8388607,8388607,8388607,8388607
97508,4612208,6577516,6617270,6437830,8388607,8388607,8388607,8388607
97623,4607275,6577287,6615481,6437619,8388607,8388607,8388607,8388607
97740,4606875,6576907,6615128,6437868,8388607,8388607,8388607,8388607
97855,4607143,6576306,6615757,6437496,8388607,8388607,8388607,8388607
98024,4597636,6572950,6615402,6434200,8388607,8388607,8388607,8388607
98146,4614771,6574676,6618128,6434372,8388607,8388607,8388607,8388607
98266,4614359,6575512,6618970,6434676,8388607,8388607,8388607,8388607
98388,4614814,6575239,6620144,6433830,8388607,8388607,8388607,8388607
98506,4612389,6574595,6620159,6432525,8388607,8388607,8388607,8388607
98624,4610999,6575434,6619918,6432964,8388607,8388607,8388607,8388607
98741,4610408,6575133,6619919,6432280,8388607,8388607,8388607,8388607
98867,4604634,6573448,6621088,6429843,8388607,8388607,8388607,8388607
98993,4606413,6573223,6620761,6428843,8388607,8388607,8388607,8388607
99113,4614382,6573943,6622044,6428170,8388607,8388607,8388607,8388607
99386,4603091,6579036,6628333,6432503,8388607,8388607,8388607,8388607
99510,4610967,6574162,6624602,6425910,8388607,8388607,8388607,8388607
99638,4609702,6573744,6622198,6425492,8388607,8388607,8388607,8388607
99818,4605009,6570345,6621256,6424100,8388607,8388607,8388607,8388607
99938,4614117,6573301,6623522,6424907,8388607,8388607,8388607,8388607
100063,4605910,6573033,6624192,6425068,8388607,8388607,8388607,8388607
100187,4607594,6572345,6625616,6423977,8388607,8388607,8388607,8388607
100311,4608909,6569820,6624507,6422079,8388607,8388607,8388607,8388607
100437,4608952,6572037,6624455,6425103,8388607,8388607,8388607,8388607
100561,4607389,6572485,6624466,6426107,8388607,8388607,8388607,8388607
100684,4609987,6572523,6625107,6426088,8388607,8388607,8388607,8388607
100810,4609097,6571575,6626776,6425433,8388607,8388607,8388607,8388607
100933,4613074,6571063,6626303,6425561,8388607,8388607,8388607,8388607
101062,4614497,6571064,6624809,6427274,8388607,8388607,8388607,8388607
101195,4614139,6571422,6625863,6426433,8388607,8388607,8388607,8388607
101484,4608643,6577062,6631584,6433617,8388607,8388607,8388607,8388607
101662,4611615,6569803,6623292,6426785,8388607,8388607,8388607,8388607
101794,4619708,6569471,6625734,6425406,8388607,8388607,8388607,8388607
101923,4617822,6570303,6623698,6427761,8388607,8388607,8388607,8388607

107542,4638013,6571038,6648601,6424499,8388607,8388607,8388607,8388607
107674,4632684,6569364,6649390,6421889,8388607,8388607,8388607,8388607
107806,4634841,6570042,6647886,6422753,8388607,8388607,8388607,8388607
107939,4631549,6569603,6648729,6421318,8388607,8388607,8388607,8388607
108074,4629898,6569611,6649320,6420003,8388607,8388607,8388607,8388607
108213,4631676,6569215,6648481,6419185,8388607,8388607,8388607,8388607
108346,4629791,6571073,6646649,6420088,8388607,8388607,8388607,8388607
108479,4632884,6570660,6648924,6419509,8388607,8388607,8388607,8388607
108617,4630825,6570298,6649188,6417954,8388607,8388607,8388607,8388607
108807,4626740,6569113,6644920,6418388,8388607,8388607,8388607,8388607
108940,4629176,6570568,6648563,6418181,8388607,8388607,8388607,8388607
109073,4629887,6571459,6648847,6418165,8388607,8388607,8388607,8388607
109205,4631536,6571070,6646260,6418278,8388607,8388607,8388607,8388607

1010,4615696,6622007,6653036,6482701,8388607,8388607,8388607,8388607
1183,4962606,6634982,6638024,6441105,8388607,8388607,8388607,8388607
1301,4737210,6647183,6687076,6945579,8388607,8388607,8388607,8388607
1421,4437801,6760645,6621948,6549271,8388607,8388607,8388607,8388607

1015,4630182,6671459,6658401,6523806,8388607,8388607,8388607,8388607
1133,4619505,6665528,6653421,6515709,8388607,8388607,8388607,8388607
1249,4611487,6661858,6649600,6508642,8388607,8388607,8388607,8388607
1412,4598211,6656630,6643100,6500197,8388607,8388607,8388607,8388607
1529,4597536,6654993,6641387,6494852,8388607,8388607,8388607,8388607
1645,4590368,6652631,6635015,6489459,8388607,8388607,8388607,8388607

981,4633891,6690698,6652711,6535218,8388607,8388607,8388607,8388607
1097,4621423,6684966,6648123,6528160,8388607,8388607,8388607,8388607
1216,4615429,6679943,6643498,6521106,8388607,8388607,8388607,8388607
1333,4606926,6675604,6640932,6515499,8388607,8388607,8388607,8388607
1453,4602985,6672893,6637896,6512253,8388607,8388607,8388607,8388607
1568,4595621,6671249,6634993,6506088,8388607,8388607,8388607,8388607
1687,4588769,6666467,6629357,6499450,8388607,8388607,8388607,8388607
1805,4584647,6665856,6626694,6495867,8388607,8388607,8388607,8388607
1931,4580281,6660707,6624290,6491005,8388607,8388607,8388607,8388607
2107,4572928,6660211,6621139,6487156,8388607,8388607,8388607,8388607
2226,4574609,6659638,6619392,6484551,8388607,8388607,8388607,8388607
2348,4572821,6656717,6617296,6480805,8388607,8388607,8388607,8388607

986,4638626,6697660,6659037,6550105,8388607,8388607,8388607,8388607
1109,4626030,6696014,6656580,6545734,8388607,8388607,8388607,8388607
1233,4614290,6688216,6647523,6533191,8388607,8388607,8388607,8388607

1012,4872309,6733951,6693622,6611330,8388607,8388607,8388607,8388607
1140,4726712,6709184,6685411,6597486,8388607,8388607,8388607,8388607
1264,4725920,6709612,6657565,6553739,8388607,8388607,8388607,8388607
1390,4694141,6686185,6636211,6543551,8388607,8388607,8388607,8388607
1513,4732454,6729015,6669143,6570530,8388607,8388607,8388607,8388607
1687,4694822,6706681,6647781,6557879,8388607,8388607,8388607,8388607
1815,4729753,6712724,6657266,6564407,8388607,8388607,8388607,8388607
1943,4764728,6734394,6675470,6585253,8388607,8388607,8388607,8388607
2071,4717389,6690087,6631736,6549242,8388607,8388607,8388607,8388607
2195,4672012,6682465,6624785,6540089,8388607,8388607,8388607,8388607
2321,4664019,6679480,6615763,6531542,8388607,8388607,8388607,8388607
2445,4682152,6695912,6626040,6547697,8388607,8388607,8388607,8388607
2569,4675954,6693806,6621366,6545257,8388607,8388607,8388607,8388607
2696,4703373,6697321,6625616,6547638,8388607,8388607,8388607,8388607
2827,4685320,6685751,6611557,6543432,8388607,8388607,8388607,8388607
3093,4655757,6727450,6651040,6580008,8388607,8388607,8388607,8388607
3223,4710678,6699164,6616294,6549904,8388607,8388607,8388607,8388607
3355,4704353,6686876,6604368,6540069,8388607,8388607,8388607,8388607
3542,4630809,6675180,6594526,6534534,8388607,8388607,8388607,8388607
3679,4643858,6662943,6578880,6519017,8388607,8388607,8388607,8388607
3814,4635538,6664052,6577533,6520717,8388607,8388607,8388607,8388607
3948,4654175,6674746,6585568,6531320,8388607,8388607,8388607,8388607
4078,4665266,6670947,6583587,6528194,8388607,8388607,8388607,8388607
4212,4648958,6672120,6580184,6519839,8388607,8388607,8388607,8388607
4346,4649983,6671494,6578113,6525725,8388607,8388607,8388607,8388607
4476,4660899,6671290,6570645,6513635,8388607,8388607,8388607,8388607
4614,4663507,6672176,6573949,6520211,8388607,8388607,8388607,8388607
4744,4660968,6669050,6567763,6509323,8388607,8388607,8388607,8388607
4889,4629960,6663224,6560359,6510489,8388607,8388607,8388607,8388607
5020,4656519,6667783,6565577,6511930,8388607,8388607,8388607,8388607
5289,4621882,6700236,6598987,6549275,8388607,8388607,8388607,8388607
5474,4585992,6650647,6545830,6497305,8388607,8388607,8388607,8388607
5610,4625640,6661620,6557225,6509448,8388607,8388607,8388607,8388607
5741,4660575,6666462,6556404,6504464,8388607,8388607,8388607,8388607
5875,4636931,6660166,6555098,6505617,8388607,8388607,8388607,8388607
6008,4631937,6662315,6546274,6500165,8388607,8388607,8388607,8388607
6180,4710555,6644172,6533347,6485209,8388607,8388607,8388607,8388607
6299,4728966,6660664,6545844,6496695,8388607,8388607,8388607,8388607
6420,4737421,6662908,6546595,6497503,8388607,8388607,8388607,8388607
6541,4740452,6664090,6543343,6494545,8388607,8388607,8388607,8388607
6660,4725462,6665488,6543515,6495461,8388607,8388607,8388607,8388607
6775,4679126,6667153,6541839,6495384,8388607,8388607,8388607,8388607
6893,4713742,6665855,6538383,6494045,8388607,8388607,8388607,8388607
7008,4675365,6665677,6537308,6496563,8388607,8388607,8388607,8388607
7180,4648309,6645737,6523600,6479314,8388607,8388607,8388607,8388607
7439,4601435,6682371,6557585,6511419,8388607,8388607,8388607,8388607
7560,4741411,6670194,6537031,6490724,8388607,8388607,8388607,8388607
7679,4700075,6662258,6528771,6483051,8388607,8388607,8388607,8388607
7793,4648917,6664252,6527647,6486539,8388607,8388607,8388607,8388607

24081,4647572,6622110,6405885,6466338,8388607,8388607,8388607,8388607
24207,4645249,6618367,6404652,6460090,8388607,8388607,8388607,8388607
24329,4614331,6615787,6404570,6466034,8388607,8388607,8388607,8388607
24452,4610129,6619064,6403792,6468092,8388607,8388607,8388607,8388607
24576,4616950,6620223,6406378,6473665,8388607,8388607,8388607,8388607
24698,4612131,6617248,6398846,6468969,8388607,8388607,8388607,8388607
24826,4651980,6617528,6401401,6465858,8388607,8388607,8388607,8388607
24947,4627878,6615479,6403384,6468646,8388607,8388607,8388607,8388607
25076,4613396,6619742,6403723,6472624,8388607,8388607,8388607,8388607
25205,4633667,6617551,6400041,6465832,8388607,8388607,8388607,8388607
25381,4598016,6599873,6380931,6456317,8388607,8388607,8388607,8388607
25501,4629435,6613945,6394387,6462701,8388607,8388607,8388607,8388607
25632,4621682,6613461,6396565,6463482,8388607,8388607,8388607,8388607
25765,4619248,6608449,6393769,6461667,8388607,8388607,8388607,8388607

27582,4644659,6612695,6389871,6462301,8388607,8388607,8388607,8388607
27711,4602358,6612619,6391961,6463722,8388607,8388607,8388607,8388607
27850,4624111,6612369,6390400,6463156,8388607,8388607,8388607,8388607
27981,4608729,6607914,6392415,6458801,8388607,8388607,8388607,8388607
28114,4598778,6609604,6389455,6462438,8388607,8388607,8388607,8388607
28253,4630913,6604248,6383856,6457071,8388607,8388607,8388607,8388607
28383,4622690,6609056,6389306,6454679,8388607,8388607,8388607,8388607
28524,4613177,6602149,6383401,6451638,8388607,8388607,8388607,8388607
28709,4606793,6597084,6376956,6450973,8388607,8388607,8388607,8388607
28840,4451243,6465148,6260010,6350343,8388607,8388607,8388607,8388607
28966,4365160,6425521,6221281,6306160,8388607,8388607,8388607,8388607
29100,4724342,6516433,6016585,6395227,8388607,8388607,8388607,8388607

2602332,4589037,6558861,6418867,6506878,8388607,8388607,8388607,8388607
2602511,4558886,6543960,6409237,6501851,8388607,8388607,8388607,8388607
2602641,4574657,6547482,6413569,6504844,8388607,8388607,8388607,8388607
2602774,4562817,6548994,6413352,6505484,8388607,8388607,8388607,8388607
2602903,4562966,6550155,6417385,6506498,8388607,8388607,8388607,8388607
2603035,4578797,6551782,6416898,6508704,8388607,8388607,8388607,8388607
2603165,4575709,6549712,6417756,6509048,8388607,8388607,8388607,8388607
2603300,4564217,6547808,6415315,6505855,8388607,8388607,8388607,8388607
2603429,4577759,6549213,6416135,6508995,8388607,8388607,8388607,8388607
2603558,4574777,6552708,6416543,6507180,8388607,8388607,8388607,8388607
2603695,4569329,6548787,6414023,6507631,8388607,8388607,8388607,8388607
2603830,4563153,6549159,6415138,6508646,8388607,8388607,8388607,8388607
2603964,4567041,6549810,6416757,6508403,8388607,8388607,8388607,8388607
2604095,4579239,6552894,6419036,6512312,8388607,8388607,8388607,8388607
2604280,4543089,6543615,6412271,6505654,8388607,8388607,8388607,8388607
2604581,4555666,6568048,6437929,6527434,8388607,8388607,8388607,8388607
2604716,4570826,6554490,6421996,6515310,8388607,8388607,8388607,8388607
2604847,4576568,6549486,6416997,6509478,8388607,8388607,8388607,8388607
2604980,4576578,6550128,6417394,6508911,8388607,8388607,8388607,8388607
2605152,4608190,6541266,6407947,6502552,8388607,8388607,8388607,8388607
2605264,4620489,6551935,6421082,6510350,8388607,8388607,8388607,8388607
2605379,4592162,6553728,6420130,6511805,8388607,8388607,8388607,8388607
2605496,4607065,6554750,6418504,6511837,8388607,8388607,8388607,8388607
2605610,4590333,6554606,6421287,6515208,8388607,8388607,8388607,8388607
2605726,4603372,6552988,6417717,6510350,8388607,8388607,8388607,8388607
2605842,4591976,6554033,6419484,6510646,8388607,8388607,8388607,8388607
2605958,4592865,6555066,6417844,6511739,8388607,8388607,8388607,8388607
2606124,4541499,6545080,6415502,6506076,8388607,8388607,8388607,8388607
2606242,4597788,6553804,6417640,6509339,8388607,8388607,8388607,8388607
2606358,4585483,6554348,6417762,6510834,8388607,8388607,8388607,8388607
2606641,4559521,6570140,6436217,6526618,8388607,8388607,8388607,8388607
2606759,4598463,6558590,6420921,6513836,8388607,8388607,8388607,8388607
2606876,4586762,6555656,6416508,6510930,8388607,8388607,8388607,8388607
2606998,4599908,6552828,6416741,6510011,8388607,8388607,8388607,8388607
2607121,4571440,6552624,6417856,6509544,8388607,8388607,8388607,8388607
2607241,4597038,6553516,6418368,6508501,8388607,8388607,8388607,8388607
2607359,4589283,6555241,6417582,6509517,8388607,8388607,8388607,8388607
2607479,4599917,6552766,6416891,6508089,8388607,8388607,8388607,8388607
2607599,4600086,6553629,6417796,6507897,8388607,8388607,8388607,8388607
2607719,4594656,6553628,6417202,6507434,8388607,8388607,8388607,8388607
2607893,4546597,6545539,6409663,6502462,8388607,8388607,8388607,8388607
2608012,4588112,6552279,6414062,6506554,8388607,8388607,8388607,8388607
2608135,4571864,6551883,6414428,6506077,8388607,8388607,8388607,8388607
2608257,4601596,6552259,6416105,6505840,8388607,8388607,8388607,8388607
2608377,4590688,6552216,6415773,6505234,8388607,8388607,8388607,8388607
2608670,4560993,6567222,6432814,6522043,8388607,8388607,8388607,8388607
2608795,4580269,6553796,6416699,6508189,8388607,8388607,8388607,8388607
2608921,4583109,6548937,6416313,6506161,8388607,8388607,8388607,8388607
2609047,4585316,6547960,6415432,6505934,8388607,8388607,8388607,8388607
2609178,4586861,6546814,6413207,6506745,8388607,8388607,8388607,8388607
2609304,4579923,6547325,6415703,6508345,8388607,8388607,8388607,8388607
2609431,4594691,6548408,6413088,6510660,8388607,8388607,8388607,8388607
2609558,4588999,6548048,6413250,6511334,8388607,8388607,8388607,8388607
2609733,4557699,6540381,6407644,6509080,8388607,8388607,8388607,8388607
2609858,4579800,6546590,6413343,6512590,8388607,8388607,8388607,8388607
2609986,4596024,6545317,6413771,6512593,8388607,8388607,8388607,8388607
2610111,4586459,6546432,6413021,6514514,8388607,8388607,8388607,8388607
2610238,4583308,6546122,6413093,6513590,8388607,8388607,8388607,8388607
2610373,4585512,6543467,6410592,6512290,8388607,8388607,8388607,8388607
2610504,4598001,6543356,6412851,6511558,8388607,8388607,8388607,8388607
2610799,4582147,6562429,6433085,6531602,8388607,8388607,8388607,8388607
2610930,4595227,6546191,6415712,6517189,8388607,8388607,8388607,8388607
2611059,4602896,6542935,6413836,6514704,8388607,8388607,8388607,8388607
2611196,4598319,6540562,6411098,6514482,8388607,8388607,8388607,8388607
2611330,4593136,6540044,6411940,6514661,8388607,8388607,8388607,8388607
2611461,4599315,6541440,6413376,6513849,8388607,8388607,8388607,8388607
2611648,4573169,6533118,6407797,6509819,8388607,8388607,8388607,8388607
2611778,4600515,6538748,6412113,6513316,8388607,8388607,8388607,8388607
2611908,4605301,6539179,6413020,6514419,8388607,8388607,8388607,8388607
2612043,4592991,6538107,6413670,6512255,8388607,8388607,8388607,8388607
2612177,4597904,6538087,6411713,6511554,8388607,8388607,8388607,8388607
2612318,4603880,6536572,6411051,6510214,8388607,8388607,8388607,8388607
2612450,4596073,6537569,6412280,6511322,8388607,8388607,8388607,8388607
2612582,4606983,6537070,6413674,6508821,8388607,8388607,8388607,8388607
2612717,4597807,6536756,6411677,6509273,8388607,8388607,8388607,8388607
2613021,4590277,6553971,6434268,6524781,8388607,8388607,8388607,8388607
2613189,4638313,6528170,6407209,6500242,8388607,8388607,8388607,8388607
2613309,4652035,6535603,6413506,6505520,8388607,8388607,8388607,8388607
2613428,4651130,6536475,6416291,6506081,8388607,8388607,8388607,8388607
2613596,4581162,6529438,6409366,6500130,8388607,8388607,8388607,8388607
2613715,4648810,6535533,6413027,6503421,8388607,8388607,8388607,8388607
2613831,4630716,6536798,6415919,6503364,8388607,8388607,8388607,8388607
2613951,4653027,6535387,6414401,6501646,8388607,8388607,8388607,8388607
2614071,4655236,6535288,6414537,6501401,8388607,8388607,8388607,8388607
2614190,4643732,6535254,6415633,6499692,8388607,8388607,8388607,8388607
2614313,4613422,6534404,6414411,6499838,8388607,8388607,8388607,8388607
2614430,4629935,6535240,6415817,6500163,8388607,8388607,8388607,8388607
2614549,4637999,6535507,6417012,6499252,8388607,8388607,8388607,8388607
2614667,4640016,6534727,6416572,6499027,8388607,8388607,8388607,8388607
2614784,4619457,6535108,6419036,6498992,8388607,8388607,8388607,8388607
2615072,4603927,6550540,6435610,6517209,8388607,8388607,8388607,8388607
2615194,4654139,6537261,6420404,6502993,8388607,8388607,8388607,8388607
2615367,4600282,6524509,6412156,6493099,8388607,8388607,8388607,8388607
2615488,4652574,6531179,6417554,6496938,8388607,8388607,8388607,8388607
2615607,4653609,6531353,6418562,6496611,8388607,8388607,8388607,8388607
2615728,4657256,6530809,6417693,6496461,8388607,8388607,8388607,8388607
2615855,4634085,6529423,6414663,6496684,8388607,8388607,8388607,8388607